Kind,Name,AvgCyclomatic,SumCyclomatic,MaxEssential,MaxNesting
File,"AlugarSalaoDeFesta.java",1,33,7,1
File,"AlugarSalaoDeFestaProduct.java",1,4,1,0
File,"AlugarSalaoDeFestaProduct2.java",1,4,1,0
File,"CadastroGerente.java",1,25,3,2
File,"CadastroHospede.java",1,17,3,2
File,"CadastroPromocao.java",1,46,7,1
File,"CadastroPromocaoProduct.java",1,6,1,1
File,"CadastroPromocaoProduct2.java",1,4,1,0
File,"CadastroQuarto.java",1,9,1,0
File,"CadastroQuartoData.java",1,1,1,0
File,"CadastroQuartoDataC.java",1,1,1,0
File,"CadastroRecepcionista.java",1,19,3,2
File,"CadastroRecepcionistaProduct.java",1,4,1,0
File,"CadastroServico.java",1,9,1,0
File,"ConnectionFactory.java",2,11,1,2
File,"ConsultarHospede.java",1,36,7,1
File,"ConsultarHospedeProduct.java",1,6,1,1
File,"ConsultarHospedeProduct2.java",1,4,1,0
File,"ConsultarQuarto.java",1,32,7,1
File,"ConsultarQuartoProduct.java",1,4,1,0
File,"ConsultarRecepcionista.java",1,36,7,1
File,"ConsultarRecepcionistaProduct.java",1,4,1,0
File,"ConsultarRecepcionistaProduct2.java",1,6,1,1
File,"ConsultarReserva.java",1,31,7,1
File,"ConsultarReservaProduct.java",1,4,1,0
File,"EditarHospede.java",1,56,7,2
File,"EditarHospedeProduct.java",1,4,1,0
File,"EditarReservas.java",1,46,7,2
File,"EditarReservasProduct.java",1,4,1,0
File,"EsqueciSenha.java",1,41,7,2
File,"EsqueciSenhaProduct.java",1,6,1,0
File,"ExcluirHospede.java",1,44,7,2
File,"ExcluirHospedeProduct.java",1,4,1,0
File,"FecharEstadia.java",1,37,7,1
File,"FecharEstadiaProduct.java",1,4,1,0
File,"FecharEstadiaProduct2.java",1,4,1,0
File,"Gerente.java",1,21,1,2
File,"GerenteDAO.java",1,1,1,0
File,"Hospede.java",1,60,1,2
File,"HospedeDAO.java",1,19,1,2
File,"ListaDePromoções.java",1,35,7,1
File,"ListaDePromoçõesData.java",1,1,1,0
File,"ListarQuartosMaisUsados.java",1,32,7,1
File,"ListarQuartosMaisUsadosProduct.java",1,4,1,0
File,"Login.java",1,68,7,3
File,"LoginProduct.java",1,4,1,0
File,"MenuADM.java",1,36,7,1
File,"MenuADMProduct.java",1,5,1,1
File,"MenuGerente.java",1,58,7,1
File,"MenuGerenteData.java",1,1,1,0
File,"MenuGerenteDatar.java",1,1,1,0
File,"MenuGerenteProduct.java",1,5,1,0
File,"MenuGerenteProduct2.java",1,4,1,0
File,"MenuGerenteProduct2Data.java",1,1,1,0
File,"MenuHospede.java",1,29,7,0
File,"MenuHospedeData.java",1,1,1,0
File,"MenuHospedeProduct.java",1,10,1,0
File,"MenuRecepcionista.java",1,43,7,0
File,"MenuRecepcionistaData.java",1,1,1,0
File,"MenuRecepcionistaProduct.java",1,4,1,0
File,"MenuRecepcionistaProduct2.java",1,4,1,0
File,"Quarto.java",1,31,1,2
File,"QuartoDAO.java",1,25,1,2
File,"Recepcionista.java",1,25,1,2
File,"RecepcionistaDAO.java",1,5,1,2
File,"ReservarQuarto.java",1,40,7,1
File,"ReservarQuartoProduct.java",1,4,1,0
File,"SalaoFesta.java",1,11,1,2
File,"SaloesDAO.java",2,4,1,2
File,"Servico.java",1,22,1,2
File,"ServicoDAO.java",1,9,1,2
File,"SolicitarServico.java",1,35,7,1
File,"SolicitarServicoProduct.java",1,9,1,1
File,"SolicitarServicoProduct2.java",1,4,1,0
File,"TelaSplash.java",2,11,7,0
File,"TelaSplashProduct.java",1,9,1,2
Package,"View",0,0,0,0
Package,"View.TelasADM",1,66,7,2
Public Class,"View.TelasADM.CadastroGerente",1,18,3,2
Public Constructor,"View.TelasADM.CadastroGerente.CadastroGerente",,1,,0
Public Method,"View.TelasADM.CadastroGerente.cadastrar",,4,,1
Private Method,"View.TelasADM.CadastroGerente.initComponents",,1,,0
Private Method,"View.TelasADM.CadastroGerente.jButton1ActionPerformed",,1,,0
Private Method,"View.TelasADM.CadastroGerente.jButton2ActionPerformed",,1,,0
Private Method,"View.TelasADM.CadastroGerente.jPanel1",,1,,0
Private Method,"View.TelasADM.CadastroGerente.jjPanel1",,1,,0
Class,"View.TelasADM.CadastroGerente.jjPanel1.(Anon_1)",1,1,1,0
Public Method,"View.TelasADM.CadastroGerente.jjPanel1.(Anon_1).actionPerformed",,1,,0
Class,"View.TelasADM.CadastroGerente.jjPanel1.(Anon_2)",1,1,1,0
Public Method,"View.TelasADM.CadastroGerente.jjPanel1.(Anon_2).actionPerformed",,1,,0
Class,"View.TelasADM.CadastroGerente.jjPanel1.(Anon_3)",1,1,1,0
Public Method,"View.TelasADM.CadastroGerente.jjPanel1.(Anon_3).actionPerformed",,1,,0
Class,"View.TelasADM.CadastroGerente.jjPanel1.(Anon_4)",1,1,1,0
Public Method,"View.TelasADM.CadastroGerente.jjPanel1.(Anon_4).actionPerformed",,1,,0
Class,"View.TelasADM.CadastroGerente.jjPanel1.(Anon_5)",1,1,1,0
Public Method,"View.TelasADM.CadastroGerente.jjPanel1.(Anon_5).actionPerformed",,1,,0
Class,"View.TelasADM.CadastroGerente.jjPanel1.(Anon_6)",1,1,1,0
Public Method,"View.TelasADM.CadastroGerente.jjPanel1.(Anon_6).actionPerformed",,1,,0
Class,"View.TelasADM.CadastroGerente.jjPanel1.(Anon_7)",1,1,1,0
Public Method,"View.TelasADM.CadastroGerente.jjPanel1.(Anon_7).actionPerformed",,1,,0
Private Method,"View.TelasADM.CadastroGerente.txtCpfActionPerformed",,1,,0
Private Method,"View.TelasADM.CadastroGerente.txtEmailActionPerformed",,1,,0
Private Method,"View.TelasADM.CadastroGerente.txtEnderecoActionPerformed",,1,,0
Private Method,"View.TelasADM.CadastroGerente.txtFoneActionPerformed",,1,,0
Private Method,"View.TelasADM.CadastroGerente.txtLoginActionPerformed",,1,,0
Public Method,"View.TelasADM.CadastroGerente.verificarLogin",,3,,2
Public Class,"View.TelasADM.MenuADM",1,26,7,1
Public Constructor,"View.TelasADM.MenuADM.MenuADM",,1,,0
Private Method,"View.TelasADM.MenuADM.initComponents",,1,,0
Private Method,"View.TelasADM.MenuADM.jButton2",,1,,0
Private Method,"View.TelasADM.MenuADM.jButton2ActionPerformed",,1,,0
Private Method,"View.TelasADM.MenuADM.jButton3",,1,,0
Class,"View.TelasADM.MenuADM.jButton3.(Anon_3)",1,1,1,0
Public Method,"View.TelasADM.MenuADM.jButton3.(Anon_3).actionPerformed",,1,,0
Private Method,"View.TelasADM.MenuADM.jButton3ActionPerformed",,2,,1
Private Method,"View.TelasADM.MenuADM.jDesktopPane2Layout",,1,,0
Class,"View.TelasADM.MenuADM.jDesktopPane2Layout.(Anon_2)",1,1,1,0
Public Method,"View.TelasADM.MenuADM.jDesktopPane2Layout.(Anon_2).actionPerformed",,1,,0
Private Method,"View.TelasADM.MenuADM.jLabel11",,1,,0
Private Method,"View.TelasADM.MenuADM.jLblFecharMouseClicked",,1,,0
Private Method,"View.TelasADM.MenuADM.jLblFecharMousePressed",,1,,0
Private Method,"View.TelasADM.MenuADM.jLblFecharMouseReleased",,1,,0
Private Method,"View.TelasADM.MenuADM.jLblMinimizarMouseClicked",,1,,0
Private Method,"View.TelasADM.MenuADM.jLblVoltarMouseClicked",,1,,0
Private Method,"View.TelasADM.MenuADM.jLblVoltarMousePressed",,1,,0
Private Method,"View.TelasADM.MenuADM.jLblVoltarMouseReleased",,1,,0
Private Method,"View.TelasADM.MenuADM.jPanel1",,1,,0
Class,"View.TelasADM.MenuADM.jPanel1.(Anon_1)",1,3,1,0
Public Method,"View.TelasADM.MenuADM.jPanel1.(Anon_1).mouseClicked",,1,,0
Public Method,"View.TelasADM.MenuADM.jPanel1.(Anon_1).mousePressed",,1,,0
Public Method,"View.TelasADM.MenuADM.jPanel1.(Anon_1).mouseReleased",,1,,0
Private Method,"View.TelasADM.MenuADM.jPanel3",,1,,0
Class,"View.TelasADM.MenuADM.jPanel3.(Anon_4)",1,3,1,0
Public Method,"View.TelasADM.MenuADM.jPanel3.(Anon_4).mouseClicked",,1,,0
Public Method,"View.TelasADM.MenuADM.jPanel3.(Anon_4).mousePressed",,1,,0
Public Method,"View.TelasADM.MenuADM.jPanel3.(Anon_4).mouseReleased",,1,,0
Class,"View.TelasADM.MenuADM.jPanel3.(Anon_5)",1,1,1,0
Public Method,"View.TelasADM.MenuADM.jPanel3.(Anon_5).mouseClicked",,1,,0
Private Method,"View.TelasADM.MenuADM.jPanel4",,1,,0
Public Static Method,"View.TelasADM.MenuADM.main",,7,,0
Class,"View.TelasADM.MenuADM.main.(Anon_6)",1,1,1,0
Public Method,"View.TelasADM.MenuADM.main.(Anon_6).run",,1,,0
Public Class,"View.TelasADM.MenuADMProduct",1,4,1,1
Public Method,"View.TelasADM.MenuADMProduct.getJButton1",,1,,0
Public Method,"View.TelasADM.MenuADMProduct.jButton1",,1,,0
Class,"View.TelasADM.MenuADMProduct.jButton1.(Anon_1)",1,1,1,0
Public Method,"View.TelasADM.MenuADMProduct.jButton1.(Anon_1).actionPerformed",,1,,0
Public Method,"View.TelasADM.MenuADMProduct.jButton1ActionPerformed",,2,,1
Package,"View.TelasGerais",1,139,7,3
Public Class,"View.TelasGerais.EsqueciSenha",1,28,7,2
Public Constructor,"View.TelasGerais.EsqueciSenha.EsqueciSenha",,1,,0
Public Method,"View.TelasGerais.EsqueciSenha.getJLblFechar",,1,,0
Private Method,"View.TelasGerais.EsqueciSenha.initComponents",,1,,0
Class,"View.TelasGerais.EsqueciSenha.initComponents.(Anon_1)",1,3,1,0
Public Method,"View.TelasGerais.EsqueciSenha.initComponents.(Anon_1).mouseClicked",,1,,0
Public Method,"View.TelasGerais.EsqueciSenha.initComponents.(Anon_1).mousePressed",,1,,0
Public Method,"View.TelasGerais.EsqueciSenha.initComponents.(Anon_1).mouseReleased",,1,,0
Class,"View.TelasGerais.EsqueciSenha.initComponents.(Anon_2)",1,3,1,0
Public Method,"View.TelasGerais.EsqueciSenha.initComponents.(Anon_2).mouseClicked",,1,,0
Public Method,"View.TelasGerais.EsqueciSenha.initComponents.(Anon_2).mousePressed",,1,,0
Public Method,"View.TelasGerais.EsqueciSenha.initComponents.(Anon_2).mouseReleased",,1,,0
Private Method,"View.TelasGerais.EsqueciSenha.jBntVerificar",,1,,0
Class,"View.TelasGerais.EsqueciSenha.jBntVerificar.(Anon_4)",1,1,1,0
Public Method,"View.TelasGerais.EsqueciSenha.jBntVerificar.(Anon_4).actionPerformed",,1,,0
Class,"View.TelasGerais.EsqueciSenha.jBntVerificar.(Anon_5)",1,1,1,0
Public Method,"View.TelasGerais.EsqueciSenha.jBntVerificar.(Anon_5).actionPerformed",,1,,0
Class,"View.TelasGerais.EsqueciSenha.jBntVerificar.(Anon_6)",1,1,1,0
Public Method,"View.TelasGerais.EsqueciSenha.jBntVerificar.(Anon_6).actionPerformed",,1,,0
Private Method,"View.TelasGerais.EsqueciSenha.jBntVerificar1ActionPerformed",,1,,0
Private Method,"View.TelasGerais.EsqueciSenha.jBntVerificarActionPerformed",,1,,0
Private Method,"View.TelasGerais.EsqueciSenha.jLblFecharMouseClicked",,1,,0
Private Method,"View.TelasGerais.EsqueciSenha.jLblFecharMousePressed",,1,,0
Private Method,"View.TelasGerais.EsqueciSenha.jLblFecharMouseReleased",,1,,0
Private Method,"View.TelasGerais.EsqueciSenha.jLblMinimizarMouseClicked",,1,,0
Private Method,"View.TelasGerais.EsqueciSenha.jLblVoltarMouseClicked",,1,,0
Private Method,"View.TelasGerais.EsqueciSenha.jLblVoltarMousePressed",,1,,0
Private Method,"View.TelasGerais.EsqueciSenha.jLblVoltarMouseReleased",,1,,0
Private Method,"View.TelasGerais.EsqueciSenha.jPanel2",,1,,0
Class,"View.TelasGerais.EsqueciSenha.jPanel2.(Anon_3)",1,3,1,0
Public Method,"View.TelasGerais.EsqueciSenha.jPanel2.(Anon_3).mouseClicked",,1,,0
Public Method,"View.TelasGerais.EsqueciSenha.jPanel2.(Anon_3).mousePressed",,1,,0
Public Method,"View.TelasGerais.EsqueciSenha.jPanel2.(Anon_3).mouseReleased",,1,,0
Private Method,"View.TelasGerais.EsqueciSenha.jTextField1ActionPerformed",,1,,0
Public Static Method,"View.TelasGerais.EsqueciSenha.main",,7,,0
Class,"View.TelasGerais.EsqueciSenha.main.(Anon_7)",1,1,1,0
Public Method,"View.TelasGerais.EsqueciSenha.main.(Anon_7).run",,1,,0
Public Method,"View.TelasGerais.EsqueciSenha.modificar_senha",,2,,1
Public Method,"View.TelasGerais.EsqueciSenha.setJLblFechar",,1,,0
Public Method,"View.TelasGerais.EsqueciSenha.verificar",,3,,2
Public Class,"View.TelasGerais.EsqueciSenhaProduct",1,6,1,0
Public Method,"View.TelasGerais.EsqueciSenhaProduct.getJLabel11",,1,,0
Public Method,"View.TelasGerais.EsqueciSenhaProduct.getJLblMinimizar",,1,,0
Public Method,"View.TelasGerais.EsqueciSenhaProduct.getJPanel3",,1,,0
Public Method,"View.TelasGerais.EsqueciSenhaProduct.jLblMinimizarMousePressed",,1,,0
Public Method,"View.TelasGerais.EsqueciSenhaProduct.jLblMinimizarMouseReleased",,1,,0
Public Method,"View.TelasGerais.EsqueciSenhaProduct.jPanel3",,1,,0
Public Class,"View.TelasGerais.Login",1,43,7,3
Public Constructor,"View.TelasGerais.Login.Login",,1,,0
Private Method,"View.TelasGerais.Login.hjPanel1",,1,,0
Class,"View.TelasGerais.Login.hjPanel1.(Anon_1)",1,3,1,0
Public Method,"View.TelasGerais.Login.hjPanel1.(Anon_1).mouseClicked",,1,,0
Public Method,"View.TelasGerais.Login.hjPanel1.(Anon_1).mousePressed",,1,,0
Public Method,"View.TelasGerais.Login.hjPanel1.(Anon_1).mouseReleased",,1,,0
Class,"View.TelasGerais.Login.hjPanel1.(Anon_2)",1,3,1,0
Public Method,"View.TelasGerais.Login.hjPanel1.(Anon_2).mouseClicked",,1,,0
Public Method,"View.TelasGerais.Login.hjPanel1.(Anon_2).mousePressed",,1,,0
Public Method,"View.TelasGerais.Login.hjPanel1.(Anon_2).mouseReleased",,1,,0
Private Method,"View.TelasGerais.Login.initComponents",,1,,0
Private Method,"View.TelasGerais.Login.jBntEntrar",,1,,0
Class,"View.TelasGerais.Login.jBntEntrar.(Anon_9)",1,1,1,0
Public Method,"View.TelasGerais.Login.jBntEntrar.(Anon_9).actionPerformed",,1,,0
Private Method,"View.TelasGerais.Login.jBntEntrarActionPerformed",,1,,0
Private Method,"View.TelasGerais.Login.jLabel11MouseEntered",,1,,0
Private Method,"View.TelasGerais.Login.jLabel11MouseExited",,1,,0
Private Method,"View.TelasGerais.Login.jLabel5MouseEntered",,1,,0
Private Method,"View.TelasGerais.Login.jLabel5MouseExited",,1,,0
Private Method,"View.TelasGerais.Login.jLabel6MouseEntered",,1,,0
Private Method,"View.TelasGerais.Login.jLabel6MouseExited",,1,,0
Private Method,"View.TelasGerais.Login.jLabel7MouseEntered",,1,,0
Private Method,"View.TelasGerais.Login.jLabel7MouseExited",,1,,0
Private Method,"View.TelasGerais.Login.jLabel8MouseEntered",,1,,0
Private Method,"View.TelasGerais.Login.jLabel8MouseExited",,1,,0
Private Method,"View.TelasGerais.Login.jLblEsqueceuSenhaMouseClicked",,1,,0
Private Method,"View.TelasGerais.Login.jLblFecharMouseClicked",,1,,0
Private Method,"View.TelasGerais.Login.jLblFecharMousePressed",,1,,0
Private Method,"View.TelasGerais.Login.jLblFecharMouseReleased",,1,,0
Private Method,"View.TelasGerais.Login.jLblMinimizarMouseClicked",,1,,0
Private Method,"View.TelasGerais.Login.jLblMinimizarMousePressed",,1,,0
Private Method,"View.TelasGerais.Login.jLblMinimizarMouseReleased",,1,,0
Private Method,"View.TelasGerais.Login.jPanel1",,1,,0
Class,"View.TelasGerais.Login.jPanel1.(Anon_3)",1,2,1,0
Public Method,"View.TelasGerais.Login.jPanel1.(Anon_3).mouseEntered",,1,,0
Public Method,"View.TelasGerais.Login.jPanel1.(Anon_3).mouseExited",,1,,0
Class,"View.TelasGerais.Login.jPanel1.(Anon_4)",1,3,1,0
Public Method,"View.TelasGerais.Login.jPanel1.(Anon_4).mouseClicked",,1,,0
Public Method,"View.TelasGerais.Login.jPanel1.(Anon_4).mousePressed",,1,,0
Public Method,"View.TelasGerais.Login.jPanel1.(Anon_4).mouseReleased",,1,,0
Class,"View.TelasGerais.Login.jPanel1.(Anon_5)",1,2,1,0
Public Method,"View.TelasGerais.Login.jPanel1.(Anon_5).mouseEntered",,1,,0
Public Method,"View.TelasGerais.Login.jPanel1.(Anon_5).mouseExited",,1,,0
Class,"View.TelasGerais.Login.jPanel1.(Anon_6)",1,2,1,0
Public Method,"View.TelasGerais.Login.jPanel1.(Anon_6).mouseEntered",,1,,0
Public Method,"View.TelasGerais.Login.jPanel1.(Anon_6).mouseExited",,1,,0
Class,"View.TelasGerais.Login.jPanel1.(Anon_7)",1,2,1,0
Public Method,"View.TelasGerais.Login.jPanel1.(Anon_7).mouseEntered",,1,,0
Public Method,"View.TelasGerais.Login.jPanel1.(Anon_7).mouseExited",,1,,0
Class,"View.TelasGerais.Login.jPanel1.(Anon_8)",1,2,1,0
Public Method,"View.TelasGerais.Login.jPanel1.(Anon_8).mouseEntered",,1,,0
Public Method,"View.TelasGerais.Login.jPanel1.(Anon_8).mouseExited",,1,,0
Private Method,"View.TelasGerais.Login.jPanel2",,1,,0
Private Method,"View.TelasGerais.Login.jTextField1",,1,,0
Class,"View.TelasGerais.Login.jTextField1.(Anon_10)",1,3,1,0
Public Method,"View.TelasGerais.Login.jTextField1.(Anon_10).mouseClicked",,1,,0
Public Method,"View.TelasGerais.Login.jTextField1.(Anon_10).mouseExited",,1,,0
Public Method,"View.TelasGerais.Login.jTextField1.(Anon_10).mousePressed",,1,,0
Class,"View.TelasGerais.Login.jTextField1.(Anon_11)",1,1,1,0
Public Method,"View.TelasGerais.Login.jTextField1.(Anon_11).actionPerformed",,1,,0
Private Method,"View.TelasGerais.Login.jTextField1ActionPerformed",,1,,0
Private Method,"View.TelasGerais.Login.jTextField1MouseClicked",,1,,0
Private Method,"View.TelasGerais.Login.jTextField1MouseExited",,1,,0
Private Method,"View.TelasGerais.Login.jTextField1MousePressed",,1,,0
Public Method,"View.TelasGerais.Login.logar",,7,,3
Public Static Method,"View.TelasGerais.Login.main",,7,,0
Class,"View.TelasGerais.Login.main.(Anon_12)",1,1,1,0
Public Method,"View.TelasGerais.Login.main.(Anon_12).run",,1,,0
Public Class,"View.TelasGerais.LoginProduct",1,4,1,0
Public Method,"View.TelasGerais.LoginProduct.getJLblEsqueceuSenha",,1,,0
Public Method,"View.TelasGerais.LoginProduct.jLblEsqueceuSenhaMousePressed",,1,,0
Public Method,"View.TelasGerais.LoginProduct.jLblEsqueceuSenhaMouseReleased",,1,,0
Public Method,"View.TelasGerais.LoginProduct.setJLblEsqueceuSenha",,1,,0
Public Class,"View.TelasGerais.TelaSplash",2,10,7,0
Public Constructor,"View.TelasGerais.TelaSplash.TelaSplash",,1,,0
Private Method,"View.TelasGerais.TelaSplash.initComponents",,1,,0
Private Method,"View.TelasGerais.TelaSplash.jPanel1",,1,,0
Public Static Method,"View.TelasGerais.TelaSplash.main",,7,,0
Class,"View.TelasGerais.TelaSplash.main.(Anon_1)",1,1,1,0
Public Method,"View.TelasGerais.TelaSplash.main.(Anon_1).run",,1,,0
Public Class,"View.TelasGerais.TelaSplashProduct",1,4,1,0
Public Method,"View.TelasGerais.TelaSplashProduct.formWindowActivated",,1,,0
Public Method,"View.TelasGerais.TelaSplashProduct.formWindowOpened",,1,,0
Class,"View.TelasGerais.TelaSplashProduct.formWindowOpened.(Anon_2)",3,3,1,2
Public Method,"View.TelasGerais.TelaSplashProduct.formWindowOpened.(Anon_2).run",,3,,2
Public Method,"View.TelasGerais.TelaSplashProduct.getJLabel15",,1,,0
Public Method,"View.TelasGerais.TelaSplashProduct.jLabel15",,1,,0
Class,"View.TelasGerais.TelaSplashProduct.jLabel15.(Anon_1)",1,2,1,0
Public Method,"View.TelasGerais.TelaSplashProduct.jLabel15.(Anon_1).windowActivated",,1,,0
Public Method,"View.TelasGerais.TelaSplashProduct.jLabel15.(Anon_1).windowOpened",,1,,0
Package,"View.TelasGerente",1,361,7,2
Public Class,"View.TelasGerente.CadastroPromocao",1,33,7,1
Public Constructor,"View.TelasGerente.CadastroPromocao.CadastroPromocao",,1,,0
Private Method,"View.TelasGerente.CadastroPromocao.cadastroPromocaoProduct",,1,,0
Class,"View.TelasGerente.CadastroPromocao.cadastroPromocaoProduct.(Anon_7)",1,1,1,0
Public Method,"View.TelasGerente.CadastroPromocao.cadastroPromocaoProduct.(Anon_7).actionPerformed",,1,,0
Class,"View.TelasGerente.CadastroPromocao.cadastroPromocaoProduct.(Anon_8)",1,1,1,0
Public Method,"View.TelasGerente.CadastroPromocao.cadastroPromocaoProduct.(Anon_8).actionPerformed",,1,,0
Public Method,"View.TelasGerente.CadastroPromocao.getJLblFechar",,1,,0
Private Method,"View.TelasGerente.CadastroPromocao.initComponents",,3,,1
Private Method,"View.TelasGerente.CadastroPromocao.jButton4ActionPerformed",,2,,1
Private Method,"View.TelasGerente.CadastroPromocao.jLabel12MouseClicked",,1,,0
Private Method,"View.TelasGerente.CadastroPromocao.jLabel12MousePressed",,1,,0
Private Method,"View.TelasGerente.CadastroPromocao.jLabel12MouseReleased",,1,,0
Private Method,"View.TelasGerente.CadastroPromocao.jLblFecharMouseClicked",,1,,0
Private Method,"View.TelasGerente.CadastroPromocao.jLblFecharMousePressed",,1,,0
Private Method,"View.TelasGerente.CadastroPromocao.jLblFecharMouseReleased",,1,,0
Private Method,"View.TelasGerente.CadastroPromocao.jLblMinimizarMouseClicked",,1,,0
Private Method,"View.TelasGerente.CadastroPromocao.jPanel7",,1,,0
Private Method,"View.TelasGerente.CadastroPromocao.jTable5MouseClicked",,1,,0
Private Method,"View.TelasGerente.CadastroPromocao.jjPanel7",,1,,0
Class,"View.TelasGerente.CadastroPromocao.jjPanel7.(Anon_1)",1,1,1,0
Public Method,"View.TelasGerente.CadastroPromocao.jjPanel7.(Anon_1).isCellEditable",,1,,0
Class,"View.TelasGerente.CadastroPromocao.jjPanel7.(Anon_2)",1,1,1,0
Public Method,"View.TelasGerente.CadastroPromocao.jjPanel7.(Anon_2).mouseClicked",,1,,0
Class,"View.TelasGerente.CadastroPromocao.jjPanel7.(Anon_3)",1,1,1,0
Public Method,"View.TelasGerente.CadastroPromocao.jjPanel7.(Anon_3).isCellEditable",,1,,0
Class,"View.TelasGerente.CadastroPromocao.jjPanel7.(Anon_4)",1,3,1,0
Public Method,"View.TelasGerente.CadastroPromocao.jjPanel7.(Anon_4).mouseClicked",,1,,0
Public Method,"View.TelasGerente.CadastroPromocao.jjPanel7.(Anon_4).mousePressed",,1,,0
Public Method,"View.TelasGerente.CadastroPromocao.jjPanel7.(Anon_4).mouseReleased",,1,,0
Class,"View.TelasGerente.CadastroPromocao.jjPanel7.(Anon_5)",1,1,1,0
Public Method,"View.TelasGerente.CadastroPromocao.jjPanel7.(Anon_5).mouseClicked",,1,,0
Public Method,"View.TelasGerente.CadastroPromocao.listarQuartos",,2,,1
Public Method,"View.TelasGerente.CadastroPromocao.listarServicos",,2,,1
Public Static Method,"View.TelasGerente.CadastroPromocao.main",,7,,0
Class,"View.TelasGerente.CadastroPromocao.main.(Anon_9)",1,1,1,0
Public Method,"View.TelasGerente.CadastroPromocao.main.(Anon_9).run",,1,,0
Private Method,"View.TelasGerente.CadastroPromocao.mjPanel7",,1,,0
Class,"View.TelasGerente.CadastroPromocao.mjPanel7.(Anon_6)",1,3,1,0
Public Method,"View.TelasGerente.CadastroPromocao.mjPanel7.(Anon_6).mouseClicked",,1,,0
Public Method,"View.TelasGerente.CadastroPromocao.mjPanel7.(Anon_6).mousePressed",,1,,0
Public Method,"View.TelasGerente.CadastroPromocao.mjPanel7.(Anon_6).mouseReleased",,1,,0
Public Method,"View.TelasGerente.CadastroPromocao.setJLblFechar",,1,,0
Public Method,"View.TelasGerente.CadastroPromocao.setar_servicos",,1,,0
Private Method,"View.TelasGerente.CadastroPromocao.txtPrecoActionPerformed",,1,,0
Public Class,"View.TelasGerente.CadastroPromocaoProduct",1,6,1,1
Public Method,"View.TelasGerente.CadastroPromocaoProduct.getJComboBox1",,1,,0
Public Method,"View.TelasGerente.CadastroPromocaoProduct.getJTable4",,1,,0
Public Method,"View.TelasGerente.CadastroPromocaoProduct.jTable4",,2,,1
Public Method,"View.TelasGerente.CadastroPromocaoProduct.setJComboBox1",,1,,0
Public Method,"View.TelasGerente.CadastroPromocaoProduct.setJTable4",,1,,0
Public Class,"View.TelasGerente.CadastroPromocaoProduct2",1,4,1,0
Public Method,"View.TelasGerente.CadastroPromocaoProduct2.getJLblLogo2",,1,,0
Public Method,"View.TelasGerente.CadastroPromocaoProduct2.getJLblMinimizar",,1,,0
Public Method,"View.TelasGerente.CadastroPromocaoProduct2.getJPanel8",,1,,0
Public Method,"View.TelasGerente.CadastroPromocaoProduct2.jPanel8",,1,,0
Public Class,"View.TelasGerente.CadastroQuarto",1,7,1,0
Public Constructor,"View.TelasGerente.CadastroQuarto.CadastroQuarto",,1,,0
Public Method,"View.TelasGerente.CadastroQuarto.cadastrar",,1,,0
Private Method,"View.TelasGerente.CadastroQuarto.initComponents",,1,,0
Private Method,"View.TelasGerente.CadastroQuarto.jButton3",,1,,0
Class,"View.TelasGerente.CadastroQuarto.jButton3.(Anon_2)",1,1,1,0
Public Method,"View.TelasGerente.CadastroQuarto.jButton3.(Anon_2).actionPerformed",,1,,0
Private Method,"View.TelasGerente.CadastroQuarto.jButton3ActionPerformed",,1,,0
Private Method,"View.TelasGerente.CadastroQuarto.jButton4ActionPerformed",,1,,0
Private Method,"View.TelasGerente.CadastroQuarto.jPanel1Layout",,1,,0
Class,"View.TelasGerente.CadastroQuarto.jPanel1Layout.(Anon_1)",1,1,1,0
Public Method,"View.TelasGerente.CadastroQuarto.jPanel1Layout.(Anon_1).actionPerformed",,1,,0
Public Class,"View.TelasGerente.CadastroQuartoData",1,1,1,0
Public Constructor,"View.TelasGerente.CadastroQuartoData.CadastroQuartoData",,1,,0
Public Class,"View.TelasGerente.CadastroQuartoDataC",1,1,1,0
Public Constructor,"View.TelasGerente.CadastroQuartoDataC.CadastroQuartoDataC",,1,,0
Public Class,"View.TelasGerente.CadastroRecepcionista",1,14,3,2
Public Constructor,"View.TelasGerente.CadastroRecepcionista.CadastroRecepcionista",,1,,0
Private Method,"View.TelasGerente.CadastroRecepcionista.initComponents",,1,,0
Private Method,"View.TelasGerente.CadastroRecepcionista.jButton1",,1,,0
Class,"View.TelasGerente.CadastroRecepcionista.jButton1.(Anon_1)",1,1,1,0
Public Method,"View.TelasGerente.CadastroRecepcionista.jButton1.(Anon_1).actionPerformed",,1,,0
Class,"View.TelasGerente.CadastroRecepcionista.jButton1.(Anon_2)",1,1,1,0
Public Method,"View.TelasGerente.CadastroRecepcionista.jButton1.(Anon_2).actionPerformed",,1,,0
Class,"View.TelasGerente.CadastroRecepcionista.jButton1.(Anon_3)",1,1,1,0
Public Method,"View.TelasGerente.CadastroRecepcionista.jButton1.(Anon_3).actionPerformed",,1,,0
Class,"View.TelasGerente.CadastroRecepcionista.jButton1.(Anon_4)",1,1,1,0
Public Method,"View.TelasGerente.CadastroRecepcionista.jButton1.(Anon_4).keyReleased",,1,,0
Class,"View.TelasGerente.CadastroRecepcionista.jButton1.(Anon_5)",1,1,1,0
Public Method,"View.TelasGerente.CadastroRecepcionista.jButton1.(Anon_5).keyReleased",,1,,0
Private Method,"View.TelasGerente.CadastroRecepcionista.jButton1ActionPerformed",,3,,1
Private Method,"View.TelasGerente.CadastroRecepcionista.jPanel1",,1,,0
Private Method,"View.TelasGerente.CadastroRecepcionista.txtCpfActionPerformed",,1,,0
Private Method,"View.TelasGerente.CadastroRecepcionista.txtEmailActionPerformed",,1,,0
Private Method,"View.TelasGerente.CadastroRecepcionista.txtHorarioKeyReleased",,1,,0
Private Method,"View.TelasGerente.CadastroRecepcionista.txtLoginKeyReleased",,1,,0
Public Method,"View.TelasGerente.CadastroRecepcionista.verificarLogin",,3,,2
Public Class,"View.TelasGerente.CadastroRecepcionistaProduct",1,3,1,0
Public Method,"View.TelasGerente.CadastroRecepcionistaProduct.getJButton2",,1,,0
Public Method,"View.TelasGerente.CadastroRecepcionistaProduct.jButton2",,1,,0
Class,"View.TelasGerente.CadastroRecepcionistaProduct.jButton2.(Anon_1)",1,1,1,0
Public Method,"View.TelasGerente.CadastroRecepcionistaProduct.jButton2.(Anon_1).actionPerformed",,1,,0
Public Method,"View.TelasGerente.CadastroRecepcionistaProduct.jButton2ActionPerformed",,1,,0
Public Class,"View.TelasGerente.CadastroServico",1,7,1,0
Public Constructor,"View.TelasGerente.CadastroServico.CadastroServico",,1,,0
Public Method,"View.TelasGerente.CadastroServico.cadastrar",,1,,0
Private Method,"View.TelasGerente.CadastroServico.initComponents",,1,,0
Private Method,"View.TelasGerente.CadastroServico.jButton1ActionPerformed",,1,,0
Private Method,"View.TelasGerente.CadastroServico.jButton2ActionPerformed",,1,,0
Private Method,"View.TelasGerente.CadastroServico.jPanel1",,1,,0
Private Method,"View.TelasGerente.CadastroServico.tjPanel1",,1,,0
Class,"View.TelasGerente.CadastroServico.tjPanel1.(Anon_1)",1,1,1,0
Public Method,"View.TelasGerente.CadastroServico.tjPanel1.(Anon_1).actionPerformed",,1,,0
Class,"View.TelasGerente.CadastroServico.tjPanel1.(Anon_2)",1,1,1,0
Public Method,"View.TelasGerente.CadastroServico.tjPanel1.(Anon_2).actionPerformed",,1,,0
Public Class,"View.TelasGerente.ConsultarRecepcionista",1,26,7,1
Public Constructor,"View.TelasGerente.ConsultarRecepcionista.ConsultarRecepcionista",,1,,0
Public Method,"View.TelasGerente.ConsultarRecepcionista.getJLblFechar",,1,,0
Private Method,"View.TelasGerente.ConsultarRecepcionista.initComponents",,1,,0
Private Method,"View.TelasGerente.ConsultarRecepcionista.jLabel11MouseClicked",,1,,0
Private Method,"View.TelasGerente.ConsultarRecepcionista.jLabel11MousePressed",,1,,0
Private Method,"View.TelasGerente.ConsultarRecepcionista.jLabel11MouseReleased",,1,,0
Private Method,"View.TelasGerente.ConsultarRecepcionista.jLblFecharMouseClicked",,1,,0
Private Method,"View.TelasGerente.ConsultarRecepcionista.jLblFecharMousePressed",,1,,0
Private Method,"View.TelasGerente.ConsultarRecepcionista.jLblFecharMouseReleased",,1,,0
Private Method,"View.TelasGerente.ConsultarRecepcionista.jLblMinimizarMouseClicked",,1,,0
Private Method,"View.TelasGerente.ConsultarRecepcionista.jPanel7",,1,,0
Class,"View.TelasGerente.ConsultarRecepcionista.jPanel7.(Anon_3)",1,1,1,0
Public Method,"View.TelasGerente.ConsultarRecepcionista.jPanel7.(Anon_3).keyReleased",,1,,0
Class,"View.TelasGerente.ConsultarRecepcionista.jPanel7.(Anon_4)",1,1,1,0
Public Method,"View.TelasGerente.ConsultarRecepcionista.jPanel7.(Anon_4).keyReleased",,1,,0
Private Method,"View.TelasGerente.ConsultarRecepcionista.jjPanel7",,1,,0
Class,"View.TelasGerente.ConsultarRecepcionista.jjPanel7.(Anon_1)",1,3,1,0
Public Method,"View.TelasGerente.ConsultarRecepcionista.jjPanel7.(Anon_1).mouseClicked",,1,,0
Public Method,"View.TelasGerente.ConsultarRecepcionista.jjPanel7.(Anon_1).mousePressed",,1,,0
Public Method,"View.TelasGerente.ConsultarRecepcionista.jjPanel7.(Anon_1).mouseReleased",,1,,0
Class,"View.TelasGerente.ConsultarRecepcionista.jjPanel7.(Anon_2)",1,1,1,0
Public Method,"View.TelasGerente.ConsultarRecepcionista.jjPanel7.(Anon_2).mouseClicked",,1,,0
Private Method,"View.TelasGerente.ConsultarRecepcionista.kjPanel7",,1,,0
Class,"View.TelasGerente.ConsultarRecepcionista.kjPanel7.(Anon_5)",1,3,1,0
Public Method,"View.TelasGerente.ConsultarRecepcionista.kjPanel7.(Anon_5).mouseClicked",,1,,0
Public Method,"View.TelasGerente.ConsultarRecepcionista.kjPanel7.(Anon_5).mousePressed",,1,,0
Public Method,"View.TelasGerente.ConsultarRecepcionista.kjPanel7.(Anon_5).mouseReleased",,1,,0
Public Method,"View.TelasGerente.ConsultarRecepcionista.listarHosp",,2,,1
Public Static Method,"View.TelasGerente.ConsultarRecepcionista.main",,7,,0
Class,"View.TelasGerente.ConsultarRecepcionista.main.(Anon_6)",1,1,1,0
Public Method,"View.TelasGerente.ConsultarRecepcionista.main.(Anon_6).run",,1,,0
Public Method,"View.TelasGerente.ConsultarRecepcionista.pesquisar_hospede",,1,,0
Public Method,"View.TelasGerente.ConsultarRecepcionista.setJLblFechar",,1,,0
Private Method,"View.TelasGerente.ConsultarRecepcionista.txtCampoNomeKeyReleased",,1,,0
Private Method,"View.TelasGerente.ConsultarRecepcionista.txtCpfKeyReleased",,1,,0
Public Class,"View.TelasGerente.ConsultarRecepcionistaProduct",1,4,1,0
Public Method,"View.TelasGerente.ConsultarRecepcionistaProduct.getJLblLogo2",,1,,0
Public Method,"View.TelasGerente.ConsultarRecepcionistaProduct.getJLblMinimizar",,1,,0
Public Method,"View.TelasGerente.ConsultarRecepcionistaProduct.getJPanel8",,1,,0
Public Method,"View.TelasGerente.ConsultarRecepcionistaProduct.jPanel8",,1,,0
Public Class,"View.TelasGerente.ConsultarRecepcionistaProduct2",1,6,1,1
Public Method,"View.TelasGerente.ConsultarRecepcionistaProduct2.getTxtCampoNome",,1,,0
Public Method,"View.TelasGerente.ConsultarRecepcionistaProduct2.getTxtCpf",,1,,0
Public Method,"View.TelasGerente.ConsultarRecepcionistaProduct2.pesquisar_hospede",,2,,1
Public Method,"View.TelasGerente.ConsultarRecepcionistaProduct2.setTxtCampoNome",,1,,0
Public Method,"View.TelasGerente.ConsultarRecepcionistaProduct2.setTxtCpf",,1,,0
Public Class,"View.TelasGerente.EditarHospede",1,40,7,2
Public Constructor,"View.TelasGerente.EditarHospede.EditarHospede",,1,,0
Public Method,"View.TelasGerente.EditarHospede.editar",,1,,0
Public Method,"View.TelasGerente.EditarHospede.excluir",,3,,2
Public Method,"View.TelasGerente.EditarHospede.getJLblFechar",,1,,0
Private Method,"View.TelasGerente.EditarHospede.initComponents",,2,,1
Private Method,"View.TelasGerente.EditarHospede.jButton3ActionPerformed",,1,,0
Private Method,"View.TelasGerente.EditarHospede.jButton5",,1,,0
Class,"View.TelasGerente.EditarHospede.jButton5.(Anon_10)",1,1,1,0
Public Method,"View.TelasGerente.EditarHospede.jButton5.(Anon_10).actionPerformed",,1,,0
Class,"View.TelasGerente.EditarHospede.jButton5.(Anon_11)",1,1,1,0
Public Method,"View.TelasGerente.EditarHospede.jButton5.(Anon_11).isCellEditable",,1,,0
Class,"View.TelasGerente.EditarHospede.jButton5.(Anon_9)",1,1,1,0
Public Method,"View.TelasGerente.EditarHospede.jButton5.(Anon_9).actionPerformed",,1,,0
Private Method,"View.TelasGerente.EditarHospede.jButton5ActionPerformed",,1,,0
Private Method,"View.TelasGerente.EditarHospede.jButton6ActionPerformed",,1,,0
Private Method,"View.TelasGerente.EditarHospede.jButton7",,1,,0
Class,"View.TelasGerente.EditarHospede.jButton7.(Anon_8)",1,1,1,0
Public Method,"View.TelasGerente.EditarHospede.jButton7.(Anon_8).actionPerformed",,1,,0
Private Method,"View.TelasGerente.EditarHospede.jButton7ActionPerformed",,1,,0
Private Method,"View.TelasGerente.EditarHospede.jLblFecharMouseClicked",,1,,0
Private Method,"View.TelasGerente.EditarHospede.jLblFecharMousePressed",,1,,0
Private Method,"View.TelasGerente.EditarHospede.jLblFecharMouseReleased",,1,,0
Private Method,"View.TelasGerente.EditarHospede.jLblMinimizarMouseClicked",,1,,0
Private Method,"View.TelasGerente.EditarHospede.jLblVoltarMouseClicked",,1,,0
Private Method,"View.TelasGerente.EditarHospede.jLblVoltarMousePressed",,1,,0
Private Method,"View.TelasGerente.EditarHospede.jLblVoltarMouseReleased",,1,,0
Private Method,"View.TelasGerente.EditarHospede.jPanel8",,1,,0
Class,"View.TelasGerente.EditarHospede.jPanel8.(Anon_4)",1,1,1,0
Public Method,"View.TelasGerente.EditarHospede.jPanel8.(Anon_4).actionPerformed",,1,,0
Class,"View.TelasGerente.EditarHospede.jPanel8.(Anon_5)",1,1,1,0
Public Method,"View.TelasGerente.EditarHospede.jPanel8.(Anon_5).actionPerformed",,1,,0
Class,"View.TelasGerente.EditarHospede.jPanel8.(Anon_6)",1,1,1,0
Public Method,"View.TelasGerente.EditarHospede.jPanel8.(Anon_6).actionPerformed",,1,,0
Class,"View.TelasGerente.EditarHospede.jPanel8.(Anon_7)",1,3,1,0
Public Method,"View.TelasGerente.EditarHospede.jPanel8.(Anon_7).mouseClicked",,1,,0
Public Method,"View.TelasGerente.EditarHospede.jPanel8.(Anon_7).mousePressed",,1,,0
Public Method,"View.TelasGerente.EditarHospede.jPanel8.(Anon_7).mouseReleased",,1,,0
Private Method,"View.TelasGerente.EditarHospede.jTable4MouseClicked",,1,,0
Private Method,"View.TelasGerente.EditarHospede.jTextField10ActionPerformed",,1,,0
Private Method,"View.TelasGerente.EditarHospede.jTextField12ActionPerformed",,1,,0
Private Method,"View.TelasGerente.EditarHospede.jjPanel8",,1,,0
Class,"View.TelasGerente.EditarHospede.jjPanel8.(Anon_1)",1,1,1,0
Public Method,"View.TelasGerente.EditarHospede.jjPanel8.(Anon_1).mouseClicked",,1,,0
Class,"View.TelasGerente.EditarHospede.jjPanel8.(Anon_2)",1,3,1,0
Public Method,"View.TelasGerente.EditarHospede.jjPanel8.(Anon_2).mouseClicked",,1,,0
Public Method,"View.TelasGerente.EditarHospede.jjPanel8.(Anon_2).mousePressed",,1,,0
Public Method,"View.TelasGerente.EditarHospede.jjPanel8.(Anon_2).mouseReleased",,1,,0
Class,"View.TelasGerente.EditarHospede.jjPanel8.(Anon_3)",1,1,1,0
Public Method,"View.TelasGerente.EditarHospede.jjPanel8.(Anon_3).mouseClicked",,1,,0
Public Method,"View.TelasGerente.EditarHospede.listarHosp",,2,,1
Public Static Method,"View.TelasGerente.EditarHospede.main",,7,,0
Class,"View.TelasGerente.EditarHospede.main.(Anon_12)",1,1,1,0
Public Method,"View.TelasGerente.EditarHospede.main.(Anon_12).run",,1,,0
Private Method,"View.TelasGerente.EditarHospede.r",,1,,0
Public Method,"View.TelasGerente.EditarHospede.setJLblFechar",,1,,0
Public Method,"View.TelasGerente.EditarHospede.setar_texto",,3,,2
Public Class,"View.TelasGerente.EditarHospedeProduct",1,4,1,0
Public Method,"View.TelasGerente.EditarHospedeProduct.getJLblLogo2",,1,,0
Public Method,"View.TelasGerente.EditarHospedeProduct.getJLblMinimizar",,1,,0
Public Method,"View.TelasGerente.EditarHospedeProduct.getJPanel9",,1,,0
Public Method,"View.TelasGerente.EditarHospedeProduct.jPanel9",,1,,0
Public Class,"View.TelasGerente.EditarReservas",1,33,7,2
Public Constructor,"View.TelasGerente.EditarReservas.EditarReservas",,1,,0
Public Method,"View.TelasGerente.EditarReservas.editar",,1,,0
Public Method,"View.TelasGerente.EditarReservas.getJLblFechar",,1,,0
Private Method,"View.TelasGerente.EditarReservas.initComponents",,2,,1
Private Method,"View.TelasGerente.EditarReservas.jButton5",,1,,0
Class,"View.TelasGerente.EditarReservas.jButton5.(Anon_8)",1,1,1,0
Public Method,"View.TelasGerente.EditarReservas.jButton5.(Anon_8).actionPerformed",,1,,0
Private Method,"View.TelasGerente.EditarReservas.jButton5ActionPerformed",,1,,0
Private Method,"View.TelasGerente.EditarReservas.jButton6",,1,,0
Class,"View.TelasGerente.EditarReservas.jButton6.(Anon_7)",1,1,1,0
Public Method,"View.TelasGerente.EditarReservas.jButton6.(Anon_7).actionPerformed",,1,,0
Private Method,"View.TelasGerente.EditarReservas.jButton6ActionPerformed",,1,,0
Private Method,"View.TelasGerente.EditarReservas.jLblFecharMouseClicked",,1,,0
Private Method,"View.TelasGerente.EditarReservas.jLblFecharMousePressed",,1,,0
Private Method,"View.TelasGerente.EditarReservas.jLblFecharMouseReleased",,1,,0
Private Method,"View.TelasGerente.EditarReservas.jLblMinimizarMouseClicked",,1,,0
Private Method,"View.TelasGerente.EditarReservas.jLblVoltarMouseClicked",,1,,0
Private Method,"View.TelasGerente.EditarReservas.jLblVoltarMousePressed",,1,,0
Private Method,"View.TelasGerente.EditarReservas.jLblVoltarMouseReleased",,1,,0
Private Method,"View.TelasGerente.EditarReservas.jPanel8",,1,,0
Class,"View.TelasGerente.EditarReservas.jPanel8.(Anon_4)",1,1,1,0
Public Method,"View.TelasGerente.EditarReservas.jPanel8.(Anon_4).actionPerformed",,1,,0
Class,"View.TelasGerente.EditarReservas.jPanel8.(Anon_5)",1,1,1,0
Public Method,"View.TelasGerente.EditarReservas.jPanel8.(Anon_5).actionPerformed",,1,,0
Class,"View.TelasGerente.EditarReservas.jPanel8.(Anon_6)",1,3,1,0
Public Method,"View.TelasGerente.EditarReservas.jPanel8.(Anon_6).mouseClicked",,1,,0
Public Method,"View.TelasGerente.EditarReservas.jPanel8.(Anon_6).mousePressed",,1,,0
Public Method,"View.TelasGerente.EditarReservas.jPanel8.(Anon_6).mouseReleased",,1,,0
Private Method,"View.TelasGerente.EditarReservas.jTextField10ActionPerformed",,1,,0
Private Method,"View.TelasGerente.EditarReservas.jTextField12ActionPerformed",,1,,0
Private Method,"View.TelasGerente.EditarReservas.jjPanel8",,1,,0
Class,"View.TelasGerente.EditarReservas.jjPanel8.(Anon_1)",1,1,1,0
Public Method,"View.TelasGerente.EditarReservas.jjPanel8.(Anon_1).isCellEditable",,1,,0
Class,"View.TelasGerente.EditarReservas.jjPanel8.(Anon_2)",1,3,1,0
Public Method,"View.TelasGerente.EditarReservas.jjPanel8.(Anon_2).mouseClicked",,1,,0
Public Method,"View.TelasGerente.EditarReservas.jjPanel8.(Anon_2).mousePressed",,1,,0
Public Method,"View.TelasGerente.EditarReservas.jjPanel8.(Anon_2).mouseReleased",,1,,0
Class,"View.TelasGerente.EditarReservas.jjPanel8.(Anon_3)",1,1,1,0
Public Method,"View.TelasGerente.EditarReservas.jjPanel8.(Anon_3).mouseClicked",,1,,0
Public Method,"View.TelasGerente.EditarReservas.listarHosp",,2,,1
Public Static Method,"View.TelasGerente.EditarReservas.main",,7,,0
Class,"View.TelasGerente.EditarReservas.main.(Anon_9)",1,1,1,0
Public Method,"View.TelasGerente.EditarReservas.main.(Anon_9).run",,1,,0
Public Method,"View.TelasGerente.EditarReservas.setJLblFechar",,1,,0
Public Method,"View.TelasGerente.EditarReservas.setar_texto",,3,,2
Public Class,"View.TelasGerente.EditarReservasProduct",1,4,1,0
Public Method,"View.TelasGerente.EditarReservasProduct.getJLblLogo2",,1,,0
Public Method,"View.TelasGerente.EditarReservasProduct.getJLblMinimizar",,1,,0
Public Method,"View.TelasGerente.EditarReservasProduct.getJPanel9",,1,,0
Public Method,"View.TelasGerente.EditarReservasProduct.jPanel9",,1,,0
Public Class,"View.TelasGerente.ListarQuartosMaisUsados",1,23,7,1
Public Constructor,"View.TelasGerente.ListarQuartosMaisUsados.ListarQuartosMaisUsados",,1,,0
Public Method,"View.TelasGerente.ListarQuartosMaisUsados.getJLblFechar",,1,,0
Private Method,"View.TelasGerente.ListarQuartosMaisUsados.initComponents",,2,,1
Private Method,"View.TelasGerente.ListarQuartosMaisUsados.jLabel12MouseClicked",,1,,0
Private Method,"View.TelasGerente.ListarQuartosMaisUsados.jLabel12MousePressed",,1,,0
Private Method,"View.TelasGerente.ListarQuartosMaisUsados.jLabel12MouseReleased",,1,,0
Private Method,"View.TelasGerente.ListarQuartosMaisUsados.jLblFecharMouseClicked",,1,,0
Private Method,"View.TelasGerente.ListarQuartosMaisUsados.jLblFecharMousePressed",,1,,0
Private Method,"View.TelasGerente.ListarQuartosMaisUsados.jLblFecharMouseReleased",,1,,0
Private Method,"View.TelasGerente.ListarQuartosMaisUsados.jLblMinimizarMouseClicked",,1,,0
Private Method,"View.TelasGerente.ListarQuartosMaisUsados.jPanel7",,1,,0
Class,"View.TelasGerente.ListarQuartosMaisUsados.jPanel7.(Anon_4)",1,3,1,0
Public Method,"View.TelasGerente.ListarQuartosMaisUsados.jPanel7.(Anon_4).mouseClicked",,1,,0
Public Method,"View.TelasGerente.ListarQuartosMaisUsados.jPanel7.(Anon_4).mousePressed",,1,,0
Public Method,"View.TelasGerente.ListarQuartosMaisUsados.jPanel7.(Anon_4).mouseReleased",,1,,0
Public Method,"View.TelasGerente.ListarQuartosMaisUsados.listarQuartos",,2,,1
Public Static Method,"View.TelasGerente.ListarQuartosMaisUsados.main",,7,,0
Class,"View.TelasGerente.ListarQuartosMaisUsados.main.(Anon_5)",1,1,1,0
Public Method,"View.TelasGerente.ListarQuartosMaisUsados.main.(Anon_5).run",,1,,0
Private Method,"View.TelasGerente.ListarQuartosMaisUsados.rjPanel7",,1,,0
Class,"View.TelasGerente.ListarQuartosMaisUsados.rjPanel7.(Anon_1)",1,1,1,0
Public Method,"View.TelasGerente.ListarQuartosMaisUsados.rjPanel7.(Anon_1).isCellEditable",,1,,0
Class,"View.TelasGerente.ListarQuartosMaisUsados.rjPanel7.(Anon_2)",1,3,1,0
Public Method,"View.TelasGerente.ListarQuartosMaisUsados.rjPanel7.(Anon_2).mouseClicked",,1,,0
Public Method,"View.TelasGerente.ListarQuartosMaisUsados.rjPanel7.(Anon_2).mousePressed",,1,,0
Public Method,"View.TelasGerente.ListarQuartosMaisUsados.rjPanel7.(Anon_2).mouseReleased",,1,,0
Class,"View.TelasGerente.ListarQuartosMaisUsados.rjPanel7.(Anon_3)",1,1,1,0
Public Method,"View.TelasGerente.ListarQuartosMaisUsados.rjPanel7.(Anon_3).mouseClicked",,1,,0
Public Method,"View.TelasGerente.ListarQuartosMaisUsados.setJLblFechar",,1,,0
Public Class,"View.TelasGerente.ListarQuartosMaisUsadosProduct",1,4,1,0
Public Method,"View.TelasGerente.ListarQuartosMaisUsadosProduct.getJLblLogo2",,1,,0
Public Method,"View.TelasGerente.ListarQuartosMaisUsadosProduct.getJLblMinimizar",,1,,0
Public Method,"View.TelasGerente.ListarQuartosMaisUsadosProduct.getJPanel8",,1,,0
Public Method,"View.TelasGerente.ListarQuartosMaisUsadosProduct.jPanel8",,1,,0
Public Class,"View.TelasGerente.MenuGerente",1,40,7,1
Public Constructor,"View.TelasGerente.MenuGerente.MenuGerente",,1,,0
Public Method,"View.TelasGerente.MenuGerente.getJLblFechar",,1,,0
Private Method,"View.TelasGerente.MenuGerente.initComponents",,1,,0
Private Method,"View.TelasGerente.MenuGerente.jBtnConsultaRecepcionista",,1,,0
Class,"View.TelasGerente.MenuGerente.jBtnConsultaRecepcionista.(Anon_8)",1,1,1,0
Public Method,"View.TelasGerente.MenuGerente.jBtnConsultaRecepcionista.(Anon_8).actionPerformed",,1,,0
Private Method,"View.TelasGerente.MenuGerente.jBtnConsultaRecepcionistaActionPerformed",,1,,0
Private Method,"View.TelasGerente.MenuGerente.jBtnEditarHospede",,1,,0
Class,"View.TelasGerente.MenuGerente.jBtnEditarHospede.(Anon_7)",1,1,1,0
Public Method,"View.TelasGerente.MenuGerente.jBtnEditarHospede.(Anon_7).actionPerformed",,1,,0
Private Method,"View.TelasGerente.MenuGerente.jBtnEditarHospedeActionPerformed",,1,,0
Private Method,"View.TelasGerente.MenuGerente.jBtnEditarReserva",,1,,0
Class,"View.TelasGerente.MenuGerente.jBtnEditarReserva.(Anon_6)",1,1,1,0
Public Method,"View.TelasGerente.MenuGerente.jBtnEditarReserva.(Anon_6).actionPerformed",,1,,0
Private Method,"View.TelasGerente.MenuGerente.jBtnEditarReservaActionPerformed",,1,,0
Private Method,"View.TelasGerente.MenuGerente.jBtnMaisUsados",,1,,0
Class,"View.TelasGerente.MenuGerente.jBtnMaisUsados.(Anon_5)",1,1,1,0
Public Method,"View.TelasGerente.MenuGerente.jBtnMaisUsados.(Anon_5).actionPerformed",,1,,0
Private Method,"View.TelasGerente.MenuGerente.jBtnMaisUsadosActionPerformed",,1,,0
Private Method,"View.TelasGerente.MenuGerente.jBtnPromocoes",,1,,0
Class,"View.TelasGerente.MenuGerente.jBtnPromocoes.(Anon_4)",1,1,1,0
Public Method,"View.TelasGerente.MenuGerente.jBtnPromocoes.(Anon_4).actionPerformed",,1,,0
Private Method,"View.TelasGerente.MenuGerente.jBtnPromocoesActionPerformed",,1,,0
Private Method,"View.TelasGerente.MenuGerente.jBtnQuarto",,1,,0
Private Method,"View.TelasGerente.MenuGerente.jBtnRecepcionista",,1,,0
Class,"View.TelasGerente.MenuGerente.jBtnRecepcionista.(Anon_11)",1,1,1,0
Public Method,"View.TelasGerente.MenuGerente.jBtnRecepcionista.(Anon_11).actionPerformed",,1,,0
Class,"View.TelasGerente.MenuGerente.jBtnRecepcionista.(Anon_12)",1,1,1,0
Public Method,"View.TelasGerente.MenuGerente.jBtnRecepcionista.(Anon_12).actionPerformed",,1,,0
Class,"View.TelasGerente.MenuGerente.jBtnRecepcionista.(Anon_13)",1,1,1,0
Public Method,"View.TelasGerente.MenuGerente.jBtnRecepcionista.(Anon_13).actionPerformed",,1,,0
Private Method,"View.TelasGerente.MenuGerente.jBtnRelatorio",,1,,0
Class,"View.TelasGerente.MenuGerente.jBtnRelatorio.(Anon_10)",1,1,1,0
Public Method,"View.TelasGerente.MenuGerente.jBtnRelatorio.(Anon_10).actionPerformed",,1,,0
Private Method,"View.TelasGerente.MenuGerente.jBtnRelatorio1",,1,,0
Class,"View.TelasGerente.MenuGerente.jBtnRelatorio1.(Anon_9)",1,1,1,0
Public Method,"View.TelasGerente.MenuGerente.jBtnRelatorio1.(Anon_9).actionPerformed",,1,,0
Private Method,"View.TelasGerente.MenuGerente.jBtnRelatorio1ActionPerformed",,2,,1
Private Method,"View.TelasGerente.MenuGerente.jBtnRelatorioActionPerformed",,2,,1
Private Method,"View.TelasGerente.MenuGerente.jBtnServico",,1,,0
Private Method,"View.TelasGerente.MenuGerente.jLblFecharMouseClicked",,1,,0
Private Method,"View.TelasGerente.MenuGerente.jLblFecharMousePressed",,1,,0
Private Method,"View.TelasGerente.MenuGerente.jLblFecharMouseReleased",,1,,0
Private Method,"View.TelasGerente.MenuGerente.jLblMinimizarMouseClicked",,1,,0
Private Method,"View.TelasGerente.MenuGerente.jLblVoltarMouseClicked",,1,,0
Private Method,"View.TelasGerente.MenuGerente.jLblVoltarMousePressed",,1,,0
Private Method,"View.TelasGerente.MenuGerente.jLblVoltarMouseReleased",,1,,0
Private Method,"View.TelasGerente.MenuGerente.jPanel3",,1,,0
Class,"View.TelasGerente.MenuGerente.jPanel3.(Anon_3)",1,3,1,0
Public Method,"View.TelasGerente.MenuGerente.jPanel3.(Anon_3).mouseClicked",,1,,0
Public Method,"View.TelasGerente.MenuGerente.jPanel3.(Anon_3).mousePressed",,1,,0
Public Method,"View.TelasGerente.MenuGerente.jPanel3.(Anon_3).mouseReleased",,1,,0
Private Method,"View.TelasGerente.MenuGerente.jPanel4",,1,,0
Public Static Method,"View.TelasGerente.MenuGerente.main",,7,,0
Class,"View.TelasGerente.MenuGerente.main.(Anon_14)",1,1,1,0
Public Method,"View.TelasGerente.MenuGerente.main.(Anon_14).run",,1,,0
Public Method,"View.TelasGerente.MenuGerente.setJLblFechar",,1,,0
Private Method,"View.TelasGerente.MenuGerente.yjPanel3",,1,,0
Class,"View.TelasGerente.MenuGerente.yjPanel3.(Anon_1)",1,3,1,0
Public Method,"View.TelasGerente.MenuGerente.yjPanel3.(Anon_1).mouseClicked",,1,,0
Public Method,"View.TelasGerente.MenuGerente.yjPanel3.(Anon_1).mousePressed",,1,,0
Public Method,"View.TelasGerente.MenuGerente.yjPanel3.(Anon_1).mouseReleased",,1,,0
Class,"View.TelasGerente.MenuGerente.yjPanel3.(Anon_2)",1,1,1,0
Public Method,"View.TelasGerente.MenuGerente.yjPanel3.(Anon_2).mouseClicked",,1,,0
Public Class,"View.TelasGerente.MenuGerenteData",1,1,1,0
Public Constructor,"View.TelasGerente.MenuGerenteData.MenuGerenteData",,1,,0
Public Class,"View.TelasGerente.MenuGerenteDatar",1,1,1,0
Public Constructor,"View.TelasGerente.MenuGerenteDatar.MenuGerenteDatar",,1,,0
Public Class,"View.TelasGerente.MenuGerenteProduct",1,5,1,0
Public Method,"View.TelasGerente.MenuGerenteProduct.getJDesktopPane2",,1,,0
Public Method,"View.TelasGerente.MenuGerenteProduct.jBtnQuartoActionPerformed",,1,,0
Public Method,"View.TelasGerente.MenuGerenteProduct.jBtnRecepcionistaActionPerformed",,1,,0
Public Method,"View.TelasGerente.MenuGerenteProduct.jBtnServicoActionPerformed",,1,,0
Public Method,"View.TelasGerente.MenuGerenteProduct.setJDesktopPane2",,1,,0
Public Class,"View.TelasGerente.MenuGerenteProduct2",1,4,1,0
Public Method,"View.TelasGerente.MenuGerenteProduct2.getJLblLogo",,1,,0
Public Method,"View.TelasGerente.MenuGerenteProduct2.getJLblMinimizar",,1,,0
Public Method,"View.TelasGerente.MenuGerenteProduct2.getJPanel5",,1,,0
Public Method,"View.TelasGerente.MenuGerenteProduct2.jPanel5",,1,,0
Public Class,"View.TelasGerente.MenuGerenteProduct2Data",1,1,1,0
Public Constructor,"View.TelasGerente.MenuGerenteProduct2Data.MenuGerenteProduct2Data",,1,,0
Public Interface,"View.TelasGerente.cad",0,0,0,0
Public Interface,"View.TelasGerente.cada",0,0,0,0
Package,"View.TelasHospede",1,165,7,1
Public Class,"View.TelasHospede.AlugarSalaoDeFesta",1,24,7,1
Public Constructor,"View.TelasHospede.AlugarSalaoDeFesta.AlugarSalaoDeFesta",,1,,0
Public Method,"View.TelasHospede.AlugarSalaoDeFesta.getJLblFechar",,1,,0
Private Method,"View.TelasHospede.AlugarSalaoDeFesta.initComponents",,2,,0
Class,"View.TelasHospede.AlugarSalaoDeFesta.initComponents.(Anon_1)",1,1,1,0
Public Method,"View.TelasHospede.AlugarSalaoDeFesta.initComponents.(Anon_1).isCellEditable",,1,,0
Class,"View.TelasHospede.AlugarSalaoDeFesta.initComponents.(Anon_2)",1,3,1,0
Public Method,"View.TelasHospede.AlugarSalaoDeFesta.initComponents.(Anon_2).mouseClicked",,1,,0
Public Method,"View.TelasHospede.AlugarSalaoDeFesta.initComponents.(Anon_2).mousePressed",,1,,0
Public Method,"View.TelasHospede.AlugarSalaoDeFesta.initComponents.(Anon_2).mouseReleased",,1,,0
Class,"View.TelasHospede.AlugarSalaoDeFesta.initComponents.(Anon_3)",1,1,1,0
Public Method,"View.TelasHospede.AlugarSalaoDeFesta.initComponents.(Anon_3).mouseClicked",,1,,0
Public Method,"View.TelasHospede.AlugarSalaoDeFesta.jButton4ActionPerformed",,1,,0
Private Method,"View.TelasHospede.AlugarSalaoDeFesta.jLabel12MouseClicked",,1,,0
Private Method,"View.TelasHospede.AlugarSalaoDeFesta.jLabel12MousePressed",,1,,0
Private Method,"View.TelasHospede.AlugarSalaoDeFesta.jLabel12MouseReleased",,1,,0
Private Method,"View.TelasHospede.AlugarSalaoDeFesta.jLblFecharMouseClicked",,1,,0
Private Method,"View.TelasHospede.AlugarSalaoDeFesta.jLblFecharMousePressed",,1,,0
Private Method,"View.TelasHospede.AlugarSalaoDeFesta.jLblFecharMouseReleased",,1,,0
Private Method,"View.TelasHospede.AlugarSalaoDeFesta.jLblMinimizarMouseClicked",,1,,0
Private Method,"View.TelasHospede.AlugarSalaoDeFesta.jPanel7",,1,,0
Class,"View.TelasHospede.AlugarSalaoDeFesta.jPanel7.(Anon_4)",1,3,1,0
Public Method,"View.TelasHospede.AlugarSalaoDeFesta.jPanel7.(Anon_4).mouseClicked",,1,,0
Public Method,"View.TelasHospede.AlugarSalaoDeFesta.jPanel7.(Anon_4).mousePressed",,1,,0
Public Method,"View.TelasHospede.AlugarSalaoDeFesta.jPanel7.(Anon_4).mouseReleased",,1,,0
Public Method,"View.TelasHospede.AlugarSalaoDeFesta.listarSaloes",,2,,1
Public Static Method,"View.TelasHospede.AlugarSalaoDeFesta.main",,7,,0
Class,"View.TelasHospede.AlugarSalaoDeFesta.main.(Anon_5)",1,1,1,0
Public Method,"View.TelasHospede.AlugarSalaoDeFesta.main.(Anon_5).run",,1,,0
Public Method,"View.TelasHospede.AlugarSalaoDeFesta.setJLblFechar",,1,,0
Public Method,"View.TelasHospede.AlugarSalaoDeFesta.setar_salao",,1,,0
Public Class,"View.TelasHospede.AlugarSalaoDeFestaProduct",1,4,1,0
Public Method,"View.TelasHospede.AlugarSalaoDeFestaProduct.getJLblLogo2",,1,,0
Public Method,"View.TelasHospede.AlugarSalaoDeFestaProduct.getJLblMinimizar",,1,,0
Public Method,"View.TelasHospede.AlugarSalaoDeFestaProduct.getJPanel8",,1,,0
Public Method,"View.TelasHospede.AlugarSalaoDeFestaProduct.jPanel8",,1,,0
Public Class,"View.TelasHospede.AlugarSalaoDeFestaProduct2",1,3,1,0
Public Method,"View.TelasHospede.AlugarSalaoDeFestaProduct2.getJButton4",,1,,0
Public Method,"View.TelasHospede.AlugarSalaoDeFestaProduct2.getJTable4",,1,,0
Public Method,"View.TelasHospede.AlugarSalaoDeFestaProduct2.jButton4",,1,,0
Class,"View.TelasHospede.AlugarSalaoDeFestaProduct2.jButton4.(Anon_1)",1,1,1,0
Public Method,"View.TelasHospede.AlugarSalaoDeFestaProduct2.jButton4.(Anon_1).actionPerformed",,1,,0
Public Class,"View.TelasHospede.ListaDePromoÃ§Ãµes",1,25,7,1
Public Constructor,"View.TelasHospede.ListaDePromoÃ§Ãµes.ListaDePromoÃ§Ãµes",,1,,0
Private Method,"View.TelasHospede.ListaDePromoÃ§Ãµes.initComponents",,3,,1
Private Method,"View.TelasHospede.ListaDePromoÃ§Ãµes.jLabel12MouseClicked",,1,,0
Private Method,"View.TelasHospede.ListaDePromoÃ§Ãµes.jLabel12MousePressed",,1,,0
Private Method,"View.TelasHospede.ListaDePromoÃ§Ãµes.jLabel12MouseReleased",,1,,0
Private Method,"View.TelasHospede.ListaDePromoÃ§Ãµes.jLblFecharMouseClicked",,1,,0
Private Method,"View.TelasHospede.ListaDePromoÃ§Ãµes.jLblFecharMousePressed",,1,,0
Private Method,"View.TelasHospede.ListaDePromoÃ§Ãµes.jLblFecharMouseReleased",,1,,0
Private Method,"View.TelasHospede.ListaDePromoÃ§Ãµes.jLblMinimizarMouseClicked",,1,,0
Private Method,"View.TelasHospede.ListaDePromoÃ§Ãµes.jPanel7",,1,,0
Class,"View.TelasHospede.ListaDePromoÃ§Ãµes.jPanel7.(Anon_5)",1,3,1,0
Public Method,"View.TelasHospede.ListaDePromoÃ§Ãµes.jPanel7.(Anon_5).mouseClicked",,1,,0
Public Method,"View.TelasHospede.ListaDePromoÃ§Ãµes.jPanel7.(Anon_5).mousePressed",,1,,0
Public Method,"View.TelasHospede.ListaDePromoÃ§Ãµes.jPanel7.(Anon_5).mouseReleased",,1,,0
Private Method,"View.TelasHospede.ListaDePromoÃ§Ãµes.jPanel8",,1,,0
Private Method,"View.TelasHospede.ListaDePromoÃ§Ãµes.jjPanel7",,1,,0
Class,"View.TelasHospede.ListaDePromoÃ§Ãµes.jjPanel7.(Anon_1)",1,1,1,0
Public Method,"View.TelasHospede.ListaDePromoÃ§Ãµes.jjPanel7.(Anon_1).isCellEditable",,1,,0
Class,"View.TelasHospede.ListaDePromoÃ§Ãµes.jjPanel7.(Anon_2)",1,1,1,0
Public Method,"View.TelasHospede.ListaDePromoÃ§Ãµes.jjPanel7.(Anon_2).isCellEditable",,1,,0
Class,"View.TelasHospede.ListaDePromoÃ§Ãµes.jjPanel7.(Anon_3)",1,3,1,0
Public Method,"View.TelasHospede.ListaDePromoÃ§Ãµes.jjPanel7.(Anon_3).mouseClicked",,1,,0
Public Method,"View.TelasHospede.ListaDePromoÃ§Ãµes.jjPanel7.(Anon_3).mousePressed",,1,,0
Public Method,"View.TelasHospede.ListaDePromoÃ§Ãµes.jjPanel7.(Anon_3).mouseReleased",,1,,0
Class,"View.TelasHospede.ListaDePromoÃ§Ãµes.jjPanel7.(Anon_4)",1,1,1,0
Public Method,"View.TelasHospede.ListaDePromoÃ§Ãµes.jjPanel7.(Anon_4).mouseClicked",,1,,0
Public Method,"View.TelasHospede.ListaDePromoÃ§Ãµes.listarQuartos",,2,,1
Public Method,"View.TelasHospede.ListaDePromoÃ§Ãµes.listarServiÃ§os",,2,,1
Public Static Method,"View.TelasHospede.ListaDePromoÃ§Ãµes.main",,7,,0
Class,"View.TelasHospede.ListaDePromoÃ§Ãµes.main.(Anon_6)",1,1,1,0
Public Method,"View.TelasHospede.ListaDePromoÃ§Ãµes.main.(Anon_6).run",,1,,0
Public Class,"View.TelasHospede.ListaDePromoÃ§ÃµesData",1,1,1,0
Public Constructor,"View.TelasHospede.ListaDePromoÃ§ÃµesData.ListaDePromoÃ§ÃµesData",,1,,0
Public Class,"View.TelasHospede.MenuHospede",1,21,7,0
Public Constructor,"View.TelasHospede.MenuHospede.MenuHospede",,1,,0
Public Method,"View.TelasHospede.MenuHospede.getJPanel4",,1,,0
Private Method,"View.TelasHospede.MenuHospede.initComponents",,1,,0
Private Method,"View.TelasHospede.MenuHospede.jDesktopPane2",,1,,0
Private Method,"View.TelasHospede.MenuHospede.jLblFecharMouseClicked",,1,,0
Private Method,"View.TelasHospede.MenuHospede.jLblFecharMousePressed",,1,,0
Private Method,"View.TelasHospede.MenuHospede.jLblFecharMouseReleased",,1,,0
Private Method,"View.TelasHospede.MenuHospede.jLblMinimizarMouseClicked",,1,,0
Private Method,"View.TelasHospede.MenuHospede.jLblVoltarMouseClicked",,1,,0
Private Method,"View.TelasHospede.MenuHospede.jLblVoltarMousePressed",,1,,0
Private Method,"View.TelasHospede.MenuHospede.jLblVoltarMouseReleased",,1,,0
Private Method,"View.TelasHospede.MenuHospede.jPanel3",,1,,0
Class,"View.TelasHospede.MenuHospede.jPanel3.(Anon_1)",1,3,1,0
Public Method,"View.TelasHospede.MenuHospede.jPanel3.(Anon_1).mouseClicked",,1,,0
Public Method,"View.TelasHospede.MenuHospede.jPanel3.(Anon_1).mousePressed",,1,,0
Public Method,"View.TelasHospede.MenuHospede.jPanel3.(Anon_1).mouseReleased",,1,,0
Private Method,"View.TelasHospede.MenuHospede.jPanel5",,1,,0
Class,"View.TelasHospede.MenuHospede.jPanel5.(Anon_2)",1,3,1,0
Public Method,"View.TelasHospede.MenuHospede.jPanel5.(Anon_2).mouseClicked",,1,,0
Public Method,"View.TelasHospede.MenuHospede.jPanel5.(Anon_2).mousePressed",,1,,0
Public Method,"View.TelasHospede.MenuHospede.jPanel5.(Anon_2).mouseReleased",,1,,0
Class,"View.TelasHospede.MenuHospede.jPanel5.(Anon_3)",1,1,1,0
Public Method,"View.TelasHospede.MenuHospede.jPanel5.(Anon_3).mouseClicked",,1,,0
Public Static Method,"View.TelasHospede.MenuHospede.main",,7,,0
Class,"View.TelasHospede.MenuHospede.main.(Anon_4)",1,1,1,0
Public Method,"View.TelasHospede.MenuHospede.main.(Anon_4).run",,1,,0
Public Method,"View.TelasHospede.MenuHospede.setJPanel4",,1,,0
Public Class,"View.TelasHospede.MenuHospedeData",1,1,1,0
Public Constructor,"View.TelasHospede.MenuHospedeData.MenuHospedeData",,1,,0
Public Class,"View.TelasHospede.MenuHospedeProduct",1,7,1,0
Public Method,"View.TelasHospede.MenuHospedeProduct.jBtnAlugarSalaoFesta",,1,,0
Class,"View.TelasHospede.MenuHospedeProduct.jBtnAlugarSalaoFesta.(Anon_1)",1,1,1,0
Public Method,"View.TelasHospede.MenuHospedeProduct.jBtnAlugarSalaoFesta.(Anon_1).actionPerformed",,1,,0
Public Method,"View.TelasHospede.MenuHospedeProduct.jBtnAlugarSalaoFestaActionPerformed",,1,,0
Public Method,"View.TelasHospede.MenuHospedeProduct.jBtnListarPromocoes",,1,,0
Class,"View.TelasHospede.MenuHospedeProduct.jBtnListarPromocoes.(Anon_2)",1,1,1,0
Public Method,"View.TelasHospede.MenuHospedeProduct.jBtnListarPromocoes.(Anon_2).actionPerformed",,1,,0
Public Method,"View.TelasHospede.MenuHospedeProduct.jBtnListarPromocoesActionPerformed",,1,,0
Public Method,"View.TelasHospede.MenuHospedeProduct.jBtnSolicitarServico",,1,,0
Class,"View.TelasHospede.MenuHospedeProduct.jBtnSolicitarServico.(Anon_3)",1,1,1,0
Public Method,"View.TelasHospede.MenuHospedeProduct.jBtnSolicitarServico.(Anon_3).actionPerformed",,1,,0
Public Method,"View.TelasHospede.MenuHospedeProduct.jBtnSolicitarServicoActionPerformed",,1,,0
Public Method,"View.TelasHospede.MenuHospedeProduct.jPanel4",,1,,0
Public Class,"View.TelasHospede.SolicitarServico",1,25,7,1
Public Constructor,"View.TelasHospede.SolicitarServico.SolicitarServico",,1,,0
Private Method,"View.TelasHospede.SolicitarServico.djPanel7",,1,,0
Class,"View.TelasHospede.SolicitarServico.djPanel7.(Anon_2)",1,3,1,0
Public Method,"View.TelasHospede.SolicitarServico.djPanel7.(Anon_2).mouseClicked",,1,,0
Public Method,"View.TelasHospede.SolicitarServico.djPanel7.(Anon_2).mousePressed",,1,,0
Public Method,"View.TelasHospede.SolicitarServico.djPanel7.(Anon_2).mouseReleased",,1,,0
Class,"View.TelasHospede.SolicitarServico.djPanel7.(Anon_3)",1,1,1,0
Public Method,"View.TelasHospede.SolicitarServico.djPanel7.(Anon_3).mouseClicked",,1,,0
Public Method,"View.TelasHospede.SolicitarServico.getJLblFechar",,1,,0
Private Method,"View.TelasHospede.SolicitarServico.initComponents",,2,,1
Class,"View.TelasHospede.SolicitarServico.initComponents.(Anon_1)",1,1,1,0
Public Method,"View.TelasHospede.SolicitarServico.initComponents.(Anon_1).isCellEditable",,1,,0
Private Method,"View.TelasHospede.SolicitarServico.jButton4",,1,,0
Class,"View.TelasHospede.SolicitarServico.jButton4.(Anon_5)",1,1,1,0
Public Method,"View.TelasHospede.SolicitarServico.jButton4.(Anon_5).actionPerformed",,1,,0
Private Method,"View.TelasHospede.SolicitarServico.jLblFecharMouseClicked",,1,,0
Private Method,"View.TelasHospede.SolicitarServico.jLblFecharMousePressed",,1,,0
Private Method,"View.TelasHospede.SolicitarServico.jLblFecharMouseReleased",,1,,0
Private Method,"View.TelasHospede.SolicitarServico.jLblMinimizarMouseClicked",,1,,0
Private Method,"View.TelasHospede.SolicitarServico.jLblVoltarMouseClicked",,1,,0
Private Method,"View.TelasHospede.SolicitarServico.jLblVoltarMousePressed",,1,,0
Private Method,"View.TelasHospede.SolicitarServico.jLblVoltarMouseReleased",,1,,0
Private Method,"View.TelasHospede.SolicitarServico.jPanel7",,1,,0
Class,"View.TelasHospede.SolicitarServico.jPanel7.(Anon_4)",1,3,1,0
Public Method,"View.TelasHospede.SolicitarServico.jPanel7.(Anon_4).mouseClicked",,1,,0
Public Method,"View.TelasHospede.SolicitarServico.jPanel7.(Anon_4).mousePressed",,1,,0
Public Method,"View.TelasHospede.SolicitarServico.jPanel7.(Anon_4).mouseReleased",,1,,0
Public Method,"View.TelasHospede.SolicitarServico.listarServicos",,1,,0
Public Static Method,"View.TelasHospede.SolicitarServico.main",,7,,0
Class,"View.TelasHospede.SolicitarServico.main.(Anon_6)",1,1,1,0
Public Method,"View.TelasHospede.SolicitarServico.main.(Anon_6).run",,1,,0
Public Method,"View.TelasHospede.SolicitarServico.setJLblFechar",,1,,0
Public Method,"View.TelasHospede.SolicitarServico.setar_servicos",,1,,0
Public Method,"View.TelasHospede.SolicitarServico.verificar_horario",,1,,0
Public Class,"View.TelasHospede.SolicitarServicoProduct",1,9,1,1
Public Method,"View.TelasHospede.SolicitarServicoProduct.getJTable4",,1,,0
Public Method,"View.TelasHospede.SolicitarServicoProduct.jButton4ActionPerformed",,2,,1
Public Method,"View.TelasHospede.SolicitarServicoProduct.listarServicos",,2,,1
Public Method,"View.TelasHospede.SolicitarServicoProduct.setJTable4",,1,,0
Public Method,"View.TelasHospede.SolicitarServicoProduct.setar_servicos",,1,,0
Public Method,"View.TelasHospede.SolicitarServicoProduct.verificar_horario",,2,,1
Public Class,"View.TelasHospede.SolicitarServicoProduct2",1,4,1,0
Public Method,"View.TelasHospede.SolicitarServicoProduct2.getJLblLogo2",,1,,0
Public Method,"View.TelasHospede.SolicitarServicoProduct2.getJLblMinimizar",,1,,0
Public Method,"View.TelasHospede.SolicitarServicoProduct2.getJPanel8",,1,,0
Public Method,"View.TelasHospede.SolicitarServicoProduct2.jPanel8",,1,,0
Public Interface,"View.TelasHospede.tes",0,0,0,0
Package,"View.TelasRecepcionista",1,323,7,2
Public Class,"View.TelasRecepcionista.CadastroHospede",1,13,3,2
Public Constructor,"View.TelasRecepcionista.CadastroHospede.CadastroHospede",,1,,0
Private Method,"View.TelasRecepcionista.CadastroHospede.initComponents",,1,,0
Private Method,"View.TelasRecepcionista.CadastroHospede.jButton1ActionPerformed",,3,,1
Private Method,"View.TelasRecepcionista.CadastroHospede.jButton2ActionPerformed",,1,,0
Private Method,"View.TelasRecepcionista.CadastroHospede.jLabel1",,1,,0
Class,"View.TelasRecepcionista.CadastroHospede.jLabel1.(Anon_1)",1,1,1,0
Public Method,"View.TelasRecepcionista.CadastroHospede.jLabel1.(Anon_1).actionPerformed",,1,,0
Class,"View.TelasRecepcionista.CadastroHospede.jLabel1.(Anon_2)",1,1,1,0
Public Method,"View.TelasRecepcionista.CadastroHospede.jLabel1.(Anon_2).actionPerformed",,1,,0
Class,"View.TelasRecepcionista.CadastroHospede.jLabel1.(Anon_3)",1,1,1,0
Public Method,"View.TelasRecepcionista.CadastroHospede.jLabel1.(Anon_3).actionPerformed",,1,,0
Class,"View.TelasRecepcionista.CadastroHospede.jLabel1.(Anon_4)",1,1,1,0
Public Method,"View.TelasRecepcionista.CadastroHospede.jLabel1.(Anon_4).keyReleased",,1,,0
Private Method,"View.TelasRecepcionista.CadastroHospede.jPanel1",,1,,0
Private Method,"View.TelasRecepcionista.CadastroHospede.txtEmailActionPerformed",,1,,0
Private Method,"View.TelasRecepcionista.CadastroHospede.txtLoginKeyReleased",,1,,0
Public Method,"View.TelasRecepcionista.CadastroHospede.verificarLogin",,3,,2
Public Class,"View.TelasRecepcionista.ConsultarHospede",1,25,7,1
Public Constructor,"View.TelasRecepcionista.ConsultarHospede.ConsultarHospede",,1,,0
Public Method,"View.TelasRecepcionista.ConsultarHospede.getJLblFechar",,1,,0
Private Method,"View.TelasRecepcionista.ConsultarHospede.initComponents",,2,,0
Class,"View.TelasRecepcionista.ConsultarHospede.initComponents.(Anon_1)",1,1,1,0
Public Method,"View.TelasRecepcionista.ConsultarHospede.initComponents.(Anon_1).isCellEditable",,1,,0
Class,"View.TelasRecepcionista.ConsultarHospede.initComponents.(Anon_2)",1,3,1,0
Public Method,"View.TelasRecepcionista.ConsultarHospede.initComponents.(Anon_2).mouseClicked",,1,,0
Public Method,"View.TelasRecepcionista.ConsultarHospede.initComponents.(Anon_2).mousePressed",,1,,0
Public Method,"View.TelasRecepcionista.ConsultarHospede.initComponents.(Anon_2).mouseReleased",,1,,0
Class,"View.TelasRecepcionista.ConsultarHospede.initComponents.(Anon_3)",1,1,1,0
Public Method,"View.TelasRecepcionista.ConsultarHospede.initComponents.(Anon_3).mouseClicked",,1,,0
Private Method,"View.TelasRecepcionista.ConsultarHospede.jLabel10MouseClicked",,1,,0
Private Method,"View.TelasRecepcionista.ConsultarHospede.jLabel10MousePressed",,1,,0
Private Method,"View.TelasRecepcionista.ConsultarHospede.jLabel10MouseReleased",,1,,0
Private Method,"View.TelasRecepcionista.ConsultarHospede.jLblFecharMouseClicked",,1,,0
Private Method,"View.TelasRecepcionista.ConsultarHospede.jLblFecharMousePressed",,1,,0
Private Method,"View.TelasRecepcionista.ConsultarHospede.jLblFecharMouseReleased",,1,,0
Private Method,"View.TelasRecepcionista.ConsultarHospede.jLblMinimizarMouseClicked",,1,,0
Private Method,"View.TelasRecepcionista.ConsultarHospede.jPanel1",,1,,0
Class,"View.TelasRecepcionista.ConsultarHospede.jPanel1.(Anon_4)",1,1,1,0
Public Method,"View.TelasRecepcionista.ConsultarHospede.jPanel1.(Anon_4).keyReleased",,1,,0
Class,"View.TelasRecepcionista.ConsultarHospede.jPanel1.(Anon_5)",1,1,1,0
Public Method,"View.TelasRecepcionista.ConsultarHospede.jPanel1.(Anon_5).keyReleased",,1,,0
Class,"View.TelasRecepcionista.ConsultarHospede.jPanel1.(Anon_6)",1,3,1,0
Public Method,"View.TelasRecepcionista.ConsultarHospede.jPanel1.(Anon_6).mouseClicked",,1,,0
Public Method,"View.TelasRecepcionista.ConsultarHospede.jPanel1.(Anon_6).mousePressed",,1,,0
Public Method,"View.TelasRecepcionista.ConsultarHospede.jPanel1.(Anon_6).mouseReleased",,1,,0
Public Method,"View.TelasRecepcionista.ConsultarHospede.listarHosp",,2,,1
Public Static Method,"View.TelasRecepcionista.ConsultarHospede.main",,7,,0
Class,"View.TelasRecepcionista.ConsultarHospede.main.(Anon_7)",1,1,1,0
Public Method,"View.TelasRecepcionista.ConsultarHospede.main.(Anon_7).run",,1,,0
Public Method,"View.TelasRecepcionista.ConsultarHospede.pesquisar",,1,,0
Public Method,"View.TelasRecepcionista.ConsultarHospede.setJLblFechar",,1,,0
Private Method,"View.TelasRecepcionista.ConsultarHospede.txtCampoNomeKeyReleased",,1,,0
Private Method,"View.TelasRecepcionista.ConsultarHospede.txtCpfKeyReleased",,1,,0
Public Class,"View.TelasRecepcionista.ConsultarHospedeProduct",1,6,1,1
Public Method,"View.TelasRecepcionista.ConsultarHospedeProduct.getJTable1",,1,,0
Public Method,"View.TelasRecepcionista.ConsultarHospedeProduct.getTxtCampoNome",,1,,0
Public Method,"View.TelasRecepcionista.ConsultarHospedeProduct.pesquisar",,2,,1
Public Method,"View.TelasRecepcionista.ConsultarHospedeProduct.setJTable1",,1,,0
Public Method,"View.TelasRecepcionista.ConsultarHospedeProduct.setTxtCampoNome",,1,,0
Public Class,"View.TelasRecepcionista.ConsultarHospedeProduct2",1,4,1,0
Public Method,"View.TelasRecepcionista.ConsultarHospedeProduct2.getJLblLogo",,1,,0
Public Method,"View.TelasRecepcionista.ConsultarHospedeProduct2.getJLblMinimizar",,1,,0
Public Method,"View.TelasRecepcionista.ConsultarHospedeProduct2.getJPanel5",,1,,0
Public Method,"View.TelasRecepcionista.ConsultarHospedeProduct2.jPanel5",,1,,0
Public Class,"View.TelasRecepcionista.ConsultarQuarto",1,23,7,1
Public Constructor,"View.TelasRecepcionista.ConsultarQuarto.ConsultarQuarto",,1,,0
Public Method,"View.TelasRecepcionista.ConsultarQuarto.getJLblFechar",,1,,0
Private Method,"View.TelasRecepcionista.ConsultarQuarto.initComponents",,2,,1
Private Method,"View.TelasRecepcionista.ConsultarQuarto.jLabel10MouseClicked",,1,,0
Private Method,"View.TelasRecepcionista.ConsultarQuarto.jLabel10MousePressed",,1,,0
Private Method,"View.TelasRecepcionista.ConsultarQuarto.jLabel10MouseReleased",,1,,0
Private Method,"View.TelasRecepcionista.ConsultarQuarto.jLblFecharMouseClicked",,1,,0
Private Method,"View.TelasRecepcionista.ConsultarQuarto.jLblFecharMousePressed",,1,,0
Private Method,"View.TelasRecepcionista.ConsultarQuarto.jLblFecharMouseReleased",,1,,0
Private Method,"View.TelasRecepcionista.ConsultarQuarto.jLblMinimizarMouseClicked",,1,,0
Private Method,"View.TelasRecepcionista.ConsultarQuarto.jPanel1",,1,,0
Class,"View.TelasRecepcionista.ConsultarQuarto.jPanel1.(Anon_4)",1,3,1,0
Public Method,"View.TelasRecepcionista.ConsultarQuarto.jPanel1.(Anon_4).mouseClicked",,1,,0
Public Method,"View.TelasRecepcionista.ConsultarQuarto.jPanel1.(Anon_4).mousePressed",,1,,0
Public Method,"View.TelasRecepcionista.ConsultarQuarto.jPanel1.(Anon_4).mouseReleased",,1,,0
Public Method,"View.TelasRecepcionista.ConsultarQuarto.listarQuartos",,2,,1
Private Method,"View.TelasRecepcionista.ConsultarQuarto.ljPanel1",,1,,0
Class,"View.TelasRecepcionista.ConsultarQuarto.ljPanel1.(Anon_1)",1,1,1,0
Public Method,"View.TelasRecepcionista.ConsultarQuarto.ljPanel1.(Anon_1).isCellEditable",,1,,0
Class,"View.TelasRecepcionista.ConsultarQuarto.ljPanel1.(Anon_2)",1,3,1,0
Public Method,"View.TelasRecepcionista.ConsultarQuarto.ljPanel1.(Anon_2).mouseClicked",,1,,0
Public Method,"View.TelasRecepcionista.ConsultarQuarto.ljPanel1.(Anon_2).mousePressed",,1,,0
Public Method,"View.TelasRecepcionista.ConsultarQuarto.ljPanel1.(Anon_2).mouseReleased",,1,,0
Class,"View.TelasRecepcionista.ConsultarQuarto.ljPanel1.(Anon_3)",1,1,1,0
Public Method,"View.TelasRecepcionista.ConsultarQuarto.ljPanel1.(Anon_3).mouseClicked",,1,,0
Public Static Method,"View.TelasRecepcionista.ConsultarQuarto.main",,7,,0
Class,"View.TelasRecepcionista.ConsultarQuarto.main.(Anon_5)",1,1,1,0
Public Method,"View.TelasRecepcionista.ConsultarQuarto.main.(Anon_5).run",,1,,0
Public Method,"View.TelasRecepcionista.ConsultarQuarto.setJLblFechar",,1,,0
Public Class,"View.TelasRecepcionista.ConsultarQuartoProduct",1,4,1,0
Public Method,"View.TelasRecepcionista.ConsultarQuartoProduct.getJLblLogo",,1,,0
Public Method,"View.TelasRecepcionista.ConsultarQuartoProduct.getJLblMinimizar",,1,,0
Public Method,"View.TelasRecepcionista.ConsultarQuartoProduct.getJPanel5",,1,,0
Public Method,"View.TelasRecepcionista.ConsultarQuartoProduct.jPanel5",,1,,0
Public Class,"View.TelasRecepcionista.ConsultarReserva",1,22,7,1
Public Constructor,"View.TelasRecepcionista.ConsultarReserva.ConsultarReserva",,1,,0
Public Method,"View.TelasRecepcionista.ConsultarReserva.getJLblFechar",,1,,0
Private Method,"View.TelasRecepcionista.ConsultarReserva.initComponents",,2,,0
Class,"View.TelasRecepcionista.ConsultarReserva.initComponents.(Anon_1)",1,1,1,0
Public Method,"View.TelasRecepcionista.ConsultarReserva.initComponents.(Anon_1).isCellEditable",,1,,0
Class,"View.TelasRecepcionista.ConsultarReserva.initComponents.(Anon_2)",1,3,1,0
Public Method,"View.TelasRecepcionista.ConsultarReserva.initComponents.(Anon_2).mouseClicked",,1,,0
Public Method,"View.TelasRecepcionista.ConsultarReserva.initComponents.(Anon_2).mousePressed",,1,,0
Public Method,"View.TelasRecepcionista.ConsultarReserva.initComponents.(Anon_2).mouseReleased",,1,,0
Class,"View.TelasRecepcionista.ConsultarReserva.initComponents.(Anon_3)",1,1,1,0
Public Method,"View.TelasRecepcionista.ConsultarReserva.initComponents.(Anon_3).mouseClicked",,1,,0
Private Method,"View.TelasRecepcionista.ConsultarReserva.jLblFecharMouseClicked",,1,,0
Private Method,"View.TelasRecepcionista.ConsultarReserva.jLblFecharMousePressed",,1,,0
Private Method,"View.TelasRecepcionista.ConsultarReserva.jLblFecharMouseReleased",,1,,0
Private Method,"View.TelasRecepcionista.ConsultarReserva.jLblMinimizarMouseClicked",,1,,0
Private Method,"View.TelasRecepcionista.ConsultarReserva.jLblVoltarMouseClicked",,1,,0
Private Method,"View.TelasRecepcionista.ConsultarReserva.jLblVoltarMousePressed",,1,,0
Private Method,"View.TelasRecepcionista.ConsultarReserva.jLblVoltarMouseReleased",,1,,0
Private Method,"View.TelasRecepcionista.ConsultarReserva.jPanel3",,1,,0
Class,"View.TelasRecepcionista.ConsultarReserva.jPanel3.(Anon_4)",1,3,1,0
Public Method,"View.TelasRecepcionista.ConsultarReserva.jPanel3.(Anon_4).mouseClicked",,1,,0
Public Method,"View.TelasRecepcionista.ConsultarReserva.jPanel3.(Anon_4).mousePressed",,1,,0
Public Method,"View.TelasRecepcionista.ConsultarReserva.jPanel3.(Anon_4).mouseReleased",,1,,0
Public Method,"View.TelasRecepcionista.ConsultarReserva.listarHosp",,2,,1
Public Static Method,"View.TelasRecepcionista.ConsultarReserva.main",,7,,0
Class,"View.TelasRecepcionista.ConsultarReserva.main.(Anon_5)",1,1,1,0
Public Method,"View.TelasRecepcionista.ConsultarReserva.main.(Anon_5).run",,1,,0
Public Method,"View.TelasRecepcionista.ConsultarReserva.setJLblFechar",,1,,0
Public Class,"View.TelasRecepcionista.ConsultarReservaProduct",1,4,1,0
Public Method,"View.TelasRecepcionista.ConsultarReservaProduct.getJLblLogo",,1,,0
Public Method,"View.TelasRecepcionista.ConsultarReservaProduct.getJLblMinimizar",,1,,0
Public Method,"View.TelasRecepcionista.ConsultarReservaProduct.getJPanel5",,1,,0
Public Method,"View.TelasRecepcionista.ConsultarReservaProduct.jPanel5",,1,,0
Public Class,"View.TelasRecepcionista.ExcluirHospede",1,32,7,2
Public Constructor,"View.TelasRecepcionista.ExcluirHospede.ExcluirHospede",,1,,0
Public Method,"View.TelasRecepcionista.ExcluirHospede.getJLblFechar",,1,,0
Private Method,"View.TelasRecepcionista.ExcluirHospede.initComponents",,2,,0
Class,"View.TelasRecepcionista.ExcluirHospede.initComponents.(Anon_1)",1,1,1,0
Public Method,"View.TelasRecepcionista.ExcluirHospede.initComponents.(Anon_1).isCellEditable",,1,,0
Class,"View.TelasRecepcionista.ExcluirHospede.initComponents.(Anon_2)",1,3,1,0
Public Method,"View.TelasRecepcionista.ExcluirHospede.initComponents.(Anon_2).mouseClicked",,1,,0
Public Method,"View.TelasRecepcionista.ExcluirHospede.initComponents.(Anon_2).mousePressed",,1,,0
Public Method,"View.TelasRecepcionista.ExcluirHospede.initComponents.(Anon_2).mouseReleased",,1,,0
Class,"View.TelasRecepcionista.ExcluirHospede.initComponents.(Anon_3)",1,1,1,0
Public Method,"View.TelasRecepcionista.ExcluirHospede.initComponents.(Anon_3).mouseClicked",,1,,0
Private Method,"View.TelasRecepcionista.ExcluirHospede.jButton4",,1,,0
Class,"View.TelasRecepcionista.ExcluirHospede.jButton4.(Anon_6)",1,1,1,0
Public Method,"View.TelasRecepcionista.ExcluirHospede.jButton4.(Anon_6).actionPerformed",,1,,0
Class,"View.TelasRecepcionista.ExcluirHospede.jButton4.(Anon_7)",1,1,1,0
Public Method,"View.TelasRecepcionista.ExcluirHospede.jButton4.(Anon_7).keyReleased",,1,,0
Private Method,"View.TelasRecepcionista.ExcluirHospede.jButton4ActionPerformed",,1,,0
Private Method,"View.TelasRecepcionista.ExcluirHospede.jLblFecharMouseClicked",,1,,0
Private Method,"View.TelasRecepcionista.ExcluirHospede.jLblFecharMousePressed",,1,,0
Private Method,"View.TelasRecepcionista.ExcluirHospede.jLblFecharMouseReleased",,1,,0
Private Method,"View.TelasRecepcionista.ExcluirHospede.jLblMinimizarMouseClicked",,1,,0
Private Method,"View.TelasRecepcionista.ExcluirHospede.jLblVoltarMouseClicked",,1,,0
Private Method,"View.TelasRecepcionista.ExcluirHospede.jLblVoltarMousePressed",,1,,0
Private Method,"View.TelasRecepcionista.ExcluirHospede.jLblVoltarMouseReleased",,1,,0
Private Method,"View.TelasRecepcionista.ExcluirHospede.jPanel7",,1,,0
Class,"View.TelasRecepcionista.ExcluirHospede.jPanel7.(Anon_4)",1,3,1,0
Public Method,"View.TelasRecepcionista.ExcluirHospede.jPanel7.(Anon_4).mouseClicked",,1,,0
Public Method,"View.TelasRecepcionista.ExcluirHospede.jPanel7.(Anon_4).mousePressed",,1,,0
Public Method,"View.TelasRecepcionista.ExcluirHospede.jPanel7.(Anon_4).mouseReleased",,1,,0
Private Method,"View.TelasRecepcionista.ExcluirHospede.jTable4",,1,,0
Class,"View.TelasRecepcionista.ExcluirHospede.jTable4.(Anon_5)",1,1,1,0
Public Method,"View.TelasRecepcionista.ExcluirHospede.jTable4.(Anon_5).actionPerformed",,1,,0
Public Method,"View.TelasRecepcionista.ExcluirHospede.listarHosp",,2,,1
Public Static Method,"View.TelasRecepcionista.ExcluirHospede.main",,7,,0
Class,"View.TelasRecepcionista.ExcluirHospede.main.(Anon_8)",1,1,1,0
Public Method,"View.TelasRecepcionista.ExcluirHospede.main.(Anon_8).run",,1,,0
Public Method,"View.TelasRecepcionista.ExcluirHospede.pesquisar",,2,,1
Public Method,"View.TelasRecepcionista.ExcluirHospede.setJLblFechar",,1,,0
Public Method,"View.TelasRecepcionista.ExcluirHospede.setar_campos",,3,,2
Private Method,"View.TelasRecepcionista.ExcluirHospede.txtNomeActionPerformed",,1,,0
Private Method,"View.TelasRecepcionista.ExcluirHospede.txtNomeKeyReleased",,1,,0
Public Class,"View.TelasRecepcionista.ExcluirHospedeProduct",1,4,1,0
Public Method,"View.TelasRecepcionista.ExcluirHospedeProduct.getJLblLogo2",,1,,0
Public Method,"View.TelasRecepcionista.ExcluirHospedeProduct.getJLblMinimizar",,1,,0
Public Method,"View.TelasRecepcionista.ExcluirHospedeProduct.getJPanel8",,1,,0
Public Method,"View.TelasRecepcionista.ExcluirHospedeProduct.jPanel8",,1,,0
Public Class,"View.TelasRecepcionista.FecharEstadia",1,26,7,1
Public Constructor,"View.TelasRecepcionista.FecharEstadia.FecharEstadia",,1,,0
Public Method,"View.TelasRecepcionista.FecharEstadia.fecharEstadia",,1,,0
Public Method,"View.TelasRecepcionista.FecharEstadia.getJLblFechar",,1,,0
Private Method,"View.TelasRecepcionista.FecharEstadia.initComponents",,2,,0
Class,"View.TelasRecepcionista.FecharEstadia.initComponents.(Anon_1)",1,1,1,0
Public Method,"View.TelasRecepcionista.FecharEstadia.initComponents.(Anon_1).isCellEditable",,1,,0
Class,"View.TelasRecepcionista.FecharEstadia.initComponents.(Anon_2)",1,3,1,0
Public Method,"View.TelasRecepcionista.FecharEstadia.initComponents.(Anon_2).mouseClicked",,1,,0
Public Method,"View.TelasRecepcionista.FecharEstadia.initComponents.(Anon_2).mousePressed",,1,,0
Public Method,"View.TelasRecepcionista.FecharEstadia.initComponents.(Anon_2).mouseReleased",,1,,0
Class,"View.TelasRecepcionista.FecharEstadia.initComponents.(Anon_3)",1,1,1,0
Public Method,"View.TelasRecepcionista.FecharEstadia.initComponents.(Anon_3).mouseClicked",,1,,0
Public Method,"View.TelasRecepcionista.FecharEstadia.jButton4ActionPerformed",,1,,0
Private Method,"View.TelasRecepcionista.FecharEstadia.jLblFecharMouseClicked",,1,,0
Private Method,"View.TelasRecepcionista.FecharEstadia.jLblFecharMousePressed",,1,,0
Private Method,"View.TelasRecepcionista.FecharEstadia.jLblFecharMouseReleased",,1,,0
Private Method,"View.TelasRecepcionista.FecharEstadia.jLblMinimizarMouseClicked",,1,,0
Private Method,"View.TelasRecepcionista.FecharEstadia.jLblVoltarMouseClicked",,1,,0
Private Method,"View.TelasRecepcionista.FecharEstadia.jLblVoltarMousePressed",,1,,0
Private Method,"View.TelasRecepcionista.FecharEstadia.jLblVoltarMouseReleased",,1,,0
Private Method,"View.TelasRecepcionista.FecharEstadia.jPanel7",,1,,0
Class,"View.TelasRecepcionista.FecharEstadia.jPanel7.(Anon_4)",1,1,1,0
Public Method,"View.TelasRecepcionista.FecharEstadia.jPanel7.(Anon_4).actionPerformed",,1,,0
Class,"View.TelasRecepcionista.FecharEstadia.jPanel7.(Anon_5)",1,1,1,0
Public Method,"View.TelasRecepcionista.FecharEstadia.jPanel7.(Anon_5).actionPerformed",,1,,0
Class,"View.TelasRecepcionista.FecharEstadia.jPanel7.(Anon_6)",1,3,1,0
Public Method,"View.TelasRecepcionista.FecharEstadia.jPanel7.(Anon_6).mouseClicked",,1,,0
Public Method,"View.TelasRecepcionista.FecharEstadia.jPanel7.(Anon_6).mousePressed",,1,,0
Public Method,"View.TelasRecepcionista.FecharEstadia.jPanel7.(Anon_6).mouseReleased",,1,,0
Private Method,"View.TelasRecepcionista.FecharEstadia.jTextField10ActionPerformed",,1,,0
Private Method,"View.TelasRecepcionista.FecharEstadia.jTextField11ActionPerformed",,1,,0
Public Method,"View.TelasRecepcionista.FecharEstadia.listarHosp",,2,,1
Public Static Method,"View.TelasRecepcionista.FecharEstadia.main",,7,,0
Class,"View.TelasRecepcionista.FecharEstadia.main.(Anon_7)",1,1,1,0
Public Method,"View.TelasRecepcionista.FecharEstadia.main.(Anon_7).run",,1,,0
Public Method,"View.TelasRecepcionista.FecharEstadia.setJLblFechar",,1,,0
Public Class,"View.TelasRecepcionista.FecharEstadiaProduct",1,4,1,0
Public Method,"View.TelasRecepcionista.FecharEstadiaProduct.getJLblLogo2",,1,,0
Public Method,"View.TelasRecepcionista.FecharEstadiaProduct.getJLblMinimizar",,1,,0
Public Method,"View.TelasRecepcionista.FecharEstadiaProduct.getJPanel8",,1,,0
Public Method,"View.TelasRecepcionista.FecharEstadiaProduct.jPanel8",,1,,0
Public Class,"View.TelasRecepcionista.FecharEstadiaProduct2",1,3,1,0
Public Method,"View.TelasRecepcionista.FecharEstadiaProduct2.getJButton4",,1,,0
Public Method,"View.TelasRecepcionista.FecharEstadiaProduct2.getJTable4",,1,,0
Public Method,"View.TelasRecepcionista.FecharEstadiaProduct2.jButton4",,1,,0
Class,"View.TelasRecepcionista.FecharEstadiaProduct2.jButton4.(Anon_1)",1,1,1,0
Public Method,"View.TelasRecepcionista.FecharEstadiaProduct2.jButton4.(Anon_1).actionPerformed",,1,,0
Public Class,"View.TelasRecepcionista.MenuRecepcionista",1,29,7,0
Public Constructor,"View.TelasRecepcionista.MenuRecepcionista.MenuRecepcionista",,1,,0
Private Method,"View.TelasRecepcionista.MenuRecepcionista.initComponents",,1,,0
Private Method,"View.TelasRecepcionista.MenuRecepcionista.jBtnConsultarHospede",,1,,0
Class,"View.TelasRecepcionista.MenuRecepcionista.jBtnConsultarHospede.(Anon_6)",1,1,1,0
Public Method,"View.TelasRecepcionista.MenuRecepcionista.jBtnConsultarHospede.(Anon_6).actionPerformed",,1,,0
Private Method,"View.TelasRecepcionista.MenuRecepcionista.jBtnConsultarHospedeActionPerformed",,1,,0
Private Method,"View.TelasRecepcionista.MenuRecepcionista.jBtnExcluirHospede",,1,,0
Class,"View.TelasRecepcionista.MenuRecepcionista.jBtnExcluirHospede.(Anon_5)",1,1,1,0
Public Method,"View.TelasRecepcionista.MenuRecepcionista.jBtnExcluirHospede.(Anon_5).actionPerformed",,1,,0
Private Method,"View.TelasRecepcionista.MenuRecepcionista.jBtnExcluirHospedeActionPerformed",,1,,0
Private Method,"View.TelasRecepcionista.MenuRecepcionista.jBtnFEcharEstadiaActionPerformed",,1,,0
Private Method,"View.TelasRecepcionista.MenuRecepcionista.jBtnReservarQuartoActionPerformed",,1,,0
Private Method,"View.TelasRecepcionista.MenuRecepcionista.jButton6",,1,,0
Class,"View.TelasRecepcionista.MenuRecepcionista.jButton6.(Anon_4)",1,1,1,0
Public Method,"View.TelasRecepcionista.MenuRecepcionista.jButton6.(Anon_4).actionPerformed",,1,,0
Private Method,"View.TelasRecepcionista.MenuRecepcionista.jButton6ActionPerformed",,1,,0
Private Method,"View.TelasRecepcionista.MenuRecepcionista.jButton7",,1,,0
Class,"View.TelasRecepcionista.MenuRecepcionista.jButton7.(Anon_7)",1,1,1,0
Public Method,"View.TelasRecepcionista.MenuRecepcionista.jButton7.(Anon_7).actionPerformed",,1,,0
Private Method,"View.TelasRecepcionista.MenuRecepcionista.jButton7ActionPerformed",,1,,0
Private Method,"View.TelasRecepcionista.MenuRecepcionista.jLblFecharMouseClicked",,1,,0
Private Method,"View.TelasRecepcionista.MenuRecepcionista.jLblFecharMousePressed",,1,,0
Private Method,"View.TelasRecepcionista.MenuRecepcionista.jLblFecharMouseReleased",,1,,0
Private Method,"View.TelasRecepcionista.MenuRecepcionista.jLblMinimizarMouseClicked",,1,,0
Private Method,"View.TelasRecepcionista.MenuRecepcionista.jLblVoltarMouseClicked",,1,,0
Private Method,"View.TelasRecepcionista.MenuRecepcionista.jLblVoltarMousePressed",,1,,0
Private Method,"View.TelasRecepcionista.MenuRecepcionista.jLblVoltarMouseReleased",,1,,0
Private Method,"View.TelasRecepcionista.MenuRecepcionista.jPanel3",,1,,0
Class,"View.TelasRecepcionista.MenuRecepcionista.jPanel3.(Anon_1)",1,3,1,0
Public Method,"View.TelasRecepcionista.MenuRecepcionista.jPanel3.(Anon_1).mouseClicked",,1,,0
Public Method,"View.TelasRecepcionista.MenuRecepcionista.jPanel3.(Anon_1).mousePressed",,1,,0
Public Method,"View.TelasRecepcionista.MenuRecepcionista.jPanel3.(Anon_1).mouseReleased",,1,,0
Private Method,"View.TelasRecepcionista.MenuRecepcionista.jPanel4",,1,,0
Class,"View.TelasRecepcionista.MenuRecepcionista.jPanel4.(Anon_2)",1,1,1,0
Public Method,"View.TelasRecepcionista.MenuRecepcionista.jPanel4.(Anon_2).actionPerformed",,1,,0
Class,"View.TelasRecepcionista.MenuRecepcionista.jPanel4.(Anon_3)",1,1,1,0
Public Method,"View.TelasRecepcionista.MenuRecepcionista.jPanel4.(Anon_3).actionPerformed",,1,,0
Private Method,"View.TelasRecepcionista.MenuRecepcionista.jPanel5",,1,,0
Class,"View.TelasRecepcionista.MenuRecepcionista.jPanel5.(Anon_8)",1,3,1,0
Public Method,"View.TelasRecepcionista.MenuRecepcionista.jPanel5.(Anon_8).mouseClicked",,1,,0
Public Method,"View.TelasRecepcionista.MenuRecepcionista.jPanel5.(Anon_8).mousePressed",,1,,0
Public Method,"View.TelasRecepcionista.MenuRecepcionista.jPanel5.(Anon_8).mouseReleased",,1,,0
Class,"View.TelasRecepcionista.MenuRecepcionista.jPanel5.(Anon_9)",1,1,1,0
Public Method,"View.TelasRecepcionista.MenuRecepcionista.jPanel5.(Anon_9).mouseClicked",,1,,0
Public Static Method,"View.TelasRecepcionista.MenuRecepcionista.main",,7,,0
Class,"View.TelasRecepcionista.MenuRecepcionista.main.(Anon_10)",1,1,1,0
Public Method,"View.TelasRecepcionista.MenuRecepcionista.main.(Anon_10).run",,1,,0
Public Class,"View.TelasRecepcionista.MenuRecepcionistaData",1,1,1,0
Public Constructor,"View.TelasRecepcionista.MenuRecepcionistaData.MenuRecepcionistaData",,1,,0
Public Class,"View.TelasRecepcionista.MenuRecepcionistaProduct",1,3,1,0
Public Method,"View.TelasRecepcionista.MenuRecepcionistaProduct.getJBtnConsultarQuarto",,1,,0
Public Method,"View.TelasRecepcionista.MenuRecepcionistaProduct.jBtnConsultarQuarto",,1,,0
Class,"View.TelasRecepcionista.MenuRecepcionistaProduct.jBtnConsultarQuarto.(Anon_1)",1,1,1,0
Public Method,"View.TelasRecepcionista.MenuRecepcionistaProduct.jBtnConsultarQuarto.(Anon_1).actionPerformed",,1,,0
Public Method,"View.TelasRecepcionista.MenuRecepcionistaProduct.jBtnConsultarQuartoActionPerformed",,1,,0
Public Class,"View.TelasRecepcionista.MenuRecepcionistaProduct2",1,3,1,0
Public Method,"View.TelasRecepcionista.MenuRecepcionistaProduct2.getJBtnConsultarReserva",,1,,0
Public Method,"View.TelasRecepcionista.MenuRecepcionistaProduct2.jBtnConsultarReserva",,1,,0
Class,"View.TelasRecepcionista.MenuRecepcionistaProduct2.jBtnConsultarReserva.(Anon_1)",1,1,1,0
Public Method,"View.TelasRecepcionista.MenuRecepcionistaProduct2.jBtnConsultarReserva.(Anon_1).actionPerformed",,1,,0
Public Method,"View.TelasRecepcionista.MenuRecepcionistaProduct2.jBtnConsultarReservaActionPerformed",,1,,0
Public Class,"View.TelasRecepcionista.ReservarQuarto",1,29,7,1
Public Constructor,"View.TelasRecepcionista.ReservarQuarto.ReservarQuarto",,1,,0
Public Method,"View.TelasRecepcionista.ReservarQuarto.getJLblFechar",,1,,0
Private Method,"View.TelasRecepcionista.ReservarQuarto.initComponents",,1,,0
Private Method,"View.TelasRecepcionista.ReservarQuarto.jButton4",,1,,0
Class,"View.TelasRecepcionista.ReservarQuarto.jButton4.(Anon_6)",1,1,1,0
Public Method,"View.TelasRecepcionista.ReservarQuarto.jButton4.(Anon_6).actionPerformed",,1,,0
Private Method,"View.TelasRecepcionista.ReservarQuarto.jButton4ActionPerformed",,1,,0
Private Method,"View.TelasRecepcionista.ReservarQuarto.jLblFecharMouseClicked",,1,,0
Private Method,"View.TelasRecepcionista.ReservarQuarto.jLblFecharMousePressed",,1,,0
Private Method,"View.TelasRecepcionista.ReservarQuarto.jLblFecharMouseReleased",,1,,0
Private Method,"View.TelasRecepcionista.ReservarQuarto.jLblMinimizarMouseClicked",,1,,0
Private Method,"View.TelasRecepcionista.ReservarQuarto.jLblVoltarMouseClicked",,1,,0
Private Method,"View.TelasRecepcionista.ReservarQuarto.jLblVoltarMousePressed",,1,,0
Private Method,"View.TelasRecepcionista.ReservarQuarto.jLblVoltarMouseReleased",,1,,0
Private Method,"View.TelasRecepcionista.ReservarQuarto.jPanel7",,1,,0
Class,"View.TelasRecepcionista.ReservarQuarto.jPanel7.(Anon_5)",1,3,1,0
Public Method,"View.TelasRecepcionista.ReservarQuarto.jPanel7.(Anon_5).mouseClicked",,1,,0
Public Method,"View.TelasRecepcionista.ReservarQuarto.jPanel7.(Anon_5).mousePressed",,1,,0
Public Method,"View.TelasRecepcionista.ReservarQuarto.jPanel7.(Anon_5).mouseReleased",,1,,0
Private Method,"View.TelasRecepcionista.ReservarQuarto.jTable1",,1,,0
Class,"View.TelasRecepcionista.ReservarQuarto.jTable1.(Anon_3)",1,1,1,0
Public Method,"View.TelasRecepcionista.ReservarQuarto.jTable1.(Anon_3).mouseClicked",,1,,0
Class,"View.TelasRecepcionista.ReservarQuarto.jTable1.(Anon_4)",1,1,1,0
Public Method,"View.TelasRecepcionista.ReservarQuarto.jTable1.(Anon_4).mouseClicked",,1,,0
Private Method,"View.TelasRecepcionista.ReservarQuarto.jTable1MouseClicked",,1,,0
Private Method,"View.TelasRecepcionista.ReservarQuarto.jTable4MouseClicked",,1,,0
Private Method,"View.TelasRecepcionista.ReservarQuarto.jjPanel7",,1,,0
Class,"View.TelasRecepcionista.ReservarQuarto.jjPanel7.(Anon_1)",1,3,1,0
Public Method,"View.TelasRecepcionista.ReservarQuarto.jjPanel7.(Anon_1).mouseClicked",,1,,0
Public Method,"View.TelasRecepcionista.ReservarQuarto.jjPanel7.(Anon_1).mousePressed",,1,,0
Public Method,"View.TelasRecepcionista.ReservarQuarto.jjPanel7.(Anon_1).mouseReleased",,1,,0
Class,"View.TelasRecepcionista.ReservarQuarto.jjPanel7.(Anon_2)",1,1,1,0
Public Method,"View.TelasRecepcionista.ReservarQuarto.jjPanel7.(Anon_2).mouseClicked",,1,,0
Public Method,"View.TelasRecepcionista.ReservarQuarto.listarHosp",,2,,1
Public Method,"View.TelasRecepcionista.ReservarQuarto.listarQuartos",,2,,1
Public Static Method,"View.TelasRecepcionista.ReservarQuarto.main",,7,,0
Class,"View.TelasRecepcionista.ReservarQuarto.main.(Anon_7)",1,1,1,0
Public Method,"View.TelasRecepcionista.ReservarQuarto.main.(Anon_7).run",,1,,0
Public Method,"View.TelasRecepcionista.ReservarQuarto.setJLblFechar",,1,,0
Public Class,"View.TelasRecepcionista.ReservarQuartoProduct",1,4,1,0
Public Method,"View.TelasRecepcionista.ReservarQuartoProduct.getJLblLogo2",,1,,0
Public Method,"View.TelasRecepcionista.ReservarQuartoProduct.getJLblMinimizar",,1,,0
Public Method,"View.TelasRecepcionista.ReservarQuartoProduct.getJPanel8",,1,,0
Public Method,"View.TelasRecepcionista.ReservarQuartoProduct.jPanel8",,1,,0
File,"cad.java",0,0,0,0
File,"cada.java",0,0,0,0
Package,"conexao",2,11,1,2
Public Class,"conexao.ConnectionFactory",2,11,1,2
Public Static Method,"conexao.ConnectionFactory.closeConnection",,3,,2
Public Static Method,"conexao.ConnectionFactory.closeConnection",,3,,2
Public Static Method,"conexao.ConnectionFactory.closeConnection",,3,,2
Public Static Method,"conexao.ConnectionFactory.getConnection",,2,,1
Package,"model",0,0,0,0
Package,"model.bean",1,170,1,2
Public Class,"model.bean.Gerente",1,21,1,2
Public Method,"model.bean.Gerente.getCpf",,1,,0
Public Method,"model.bean.Gerente.getEmail",,1,,0
Public Method,"model.bean.Gerente.getEndereco",,1,,0
Public Method,"model.bean.Gerente.getId",,1,,0
Public Method,"model.bean.Gerente.getLogin",,1,,0
Public Method,"model.bean.Gerente.getNome",,1,,0
Public Method,"model.bean.Gerente.getPerfil",,1,,0
Public Method,"model.bean.Gerente.getSenha",,1,,0
Public Method,"model.bean.Gerente.getTelefone",,1,,0
Public Method,"model.bean.Gerente.salvar",,3,,2
Public Method,"model.bean.Gerente.setCpf",,1,,0
Public Method,"model.bean.Gerente.setEmail",,1,,0
Public Method,"model.bean.Gerente.setEndereco",,1,,0
Public Method,"model.bean.Gerente.setId",,1,,0
Public Method,"model.bean.Gerente.setLogin",,1,,0
Public Method,"model.bean.Gerente.setNome",,1,,0
Public Method,"model.bean.Gerente.setPerfil",,1,,0
Public Method,"model.bean.Gerente.setSenha",,1,,0
Public Method,"model.bean.Gerente.setTelefone",,1,,0
Public Class,"model.bean.Hospede",1,60,1,2
Public Method,"model.bean.Hospede.editar",,3,,2
Public Method,"model.bean.Hospede.editar_reserva",,3,,2
Public Method,"model.bean.Hospede.fecharEstadia",,3,,2
Public Method,"model.bean.Hospede.gastosServicos",,3,,2
Public Method,"model.bean.Hospede.gastosServicos_salao",,2,,1
Public Method,"model.bean.Hospede.getAcumuladorPreco",,1,,0
Public Method,"model.bean.Hospede.getAndar",,1,,0
Public Method,"model.bean.Hospede.getCpf",,1,,0
Public Method,"model.bean.Hospede.getEmail",,1,,0
Public Method,"model.bean.Hospede.getEndereco",,1,,0
Public Method,"model.bean.Hospede.getHorario",,1,,0
Public Method,"model.bean.Hospede.getId",,1,,0
Public Static Method,"model.bean.Hospede.getIdaux",,1,,0
Public Method,"model.bean.Hospede.getIdquarto",,1,,0
Public Method,"model.bean.Hospede.getLogin",,1,,0
Public Method,"model.bean.Hospede.getNome",,1,,0
Public Method,"model.bean.Hospede.getNomeQuarto",,1,,0
Public Method,"model.bean.Hospede.getPerfil",,1,,0
Public Method,"model.bean.Hospede.getPrecoQuarto",,1,,0
Public Method,"model.bean.Hospede.getRg",,1,,0
Public Method,"model.bean.Hospede.getSenha",,1,,0
Public Method,"model.bean.Hospede.getTelefone",,1,,0
Public Method,"model.bean.Hospede.inserir_idAuxiliar",,3,,2
Public Method,"model.bean.Hospede.modificar_senha",,3,,2
Public Method,"model.bean.Hospede.reservarQuarto",,3,,2
Public Method,"model.bean.Hospede.salvar",,3,,2
Public Method,"model.bean.Hospede.setAcumuladorPreco",,1,,0
Public Method,"model.bean.Hospede.setAndar",,1,,0
Public Method,"model.bean.Hospede.setCpf",,1,,0
Public Method,"model.bean.Hospede.setEmail",,1,,0
Public Method,"model.bean.Hospede.setEndereco",,1,,0
Public Method,"model.bean.Hospede.setHorario",,1,,0
Public Method,"model.bean.Hospede.setId",,1,,0
Public Static Method,"model.bean.Hospede.setIdaux",,1,,0
Public Method,"model.bean.Hospede.setIdquarto",,1,,0
Public Method,"model.bean.Hospede.setLogin",,1,,0
Public Method,"model.bean.Hospede.setNome",,1,,0
Public Method,"model.bean.Hospede.setNomeQuarto",,1,,0
Public Method,"model.bean.Hospede.setPerfil",,1,,0
Public Method,"model.bean.Hospede.setPrecoQuarto",,1,,0
Public Method,"model.bean.Hospede.setRg",,1,,0
Public Method,"model.bean.Hospede.setSenha",,1,,0
Public Method,"model.bean.Hospede.setTelefone",,1,,0
Public Class,"model.bean.Quarto",1,31,1,2
Public Method,"model.bean.Quarto.AtualizandoQuarto",,2,,1
Public Method,"model.bean.Quarto.editar",,3,,2
Public Method,"model.bean.Quarto.getAcumulador",,1,,0
Public Method,"model.bean.Quarto.getAndar",,1,,0
Public Method,"model.bean.Quarto.getDescricao",,1,,0
Public Method,"model.bean.Quarto.getDisponivel",,1,,0
Public Method,"model.bean.Quarto.getHorario",,1,,0
Public Method,"model.bean.Quarto.getHospede",,1,,0
Public Method,"model.bean.Quarto.getId",,1,,0
Public Method,"model.bean.Quarto.getNumQuarto",,1,,0
Public Method,"model.bean.Quarto.getPreco",,1,,0
Public Method,"model.bean.Quarto.promocao",,3,,2
Public Method,"model.bean.Quarto.reservado",,2,,1
Public Method,"model.bean.Quarto.salvar",,3,,2
Public Method,"model.bean.Quarto.setAcumulador",,1,,0
Public Method,"model.bean.Quarto.setAndar",,1,,0
Public Method,"model.bean.Quarto.setDescricao",,1,,0
Public Method,"model.bean.Quarto.setDisponivel",,1,,0
Public Method,"model.bean.Quarto.setHorario",,1,,0
Public Method,"model.bean.Quarto.setHospede",,1,,0
Public Method,"model.bean.Quarto.setId",,1,,0
Public Method,"model.bean.Quarto.setNumQuarto",,1,,0
Public Method,"model.bean.Quarto.setPreco",,1,,0
Public Class,"model.bean.Recepcionista",1,25,1,2
Public Method,"model.bean.Recepcionista.getCpf",,1,,0
Public Method,"model.bean.Recepcionista.getEmail",,1,,0
Public Method,"model.bean.Recepcionista.getEndereco",,1,,0
Public Method,"model.bean.Recepcionista.getHorario",,1,,0
Public Method,"model.bean.Recepcionista.getId",,1,,0
Public Method,"model.bean.Recepcionista.getLogin",,1,,0
Public Method,"model.bean.Recepcionista.getNome",,1,,0
Public Method,"model.bean.Recepcionista.getPerfil",,1,,0
Public Method,"model.bean.Recepcionista.getRg",,1,,0
Public Method,"model.bean.Recepcionista.getSenha",,1,,0
Public Method,"model.bean.Recepcionista.getTelefone",,1,,0
Public Method,"model.bean.Recepcionista.salvar",,3,,2
Public Method,"model.bean.Recepcionista.setCpf",,1,,0
Public Method,"model.bean.Recepcionista.setEmail",,1,,0
Public Method,"model.bean.Recepcionista.setEndereco",,1,,0
Public Method,"model.bean.Recepcionista.setHorario",,1,,0
Public Method,"model.bean.Recepcionista.setId",,1,,0
Public Method,"model.bean.Recepcionista.setLogin",,1,,0
Public Method,"model.bean.Recepcionista.setNome",,1,,0
Public Method,"model.bean.Recepcionista.setPerfil",,1,,0
Public Method,"model.bean.Recepcionista.setRg",,1,,0
Public Method,"model.bean.Recepcionista.setSenha",,1,,0
Public Method,"model.bean.Recepcionista.setTelefone",,1,,0
Public Class,"model.bean.SalaoFesta",1,11,1,2
Public Method,"model.bean.SalaoFesta.alugar_salao",,3,,2
Public Method,"model.bean.SalaoFesta.getDisponibilidade",,1,,0
Public Method,"model.bean.SalaoFesta.getHorario",,1,,0
Public Method,"model.bean.SalaoFesta.getId",,1,,0
Public Method,"model.bean.SalaoFesta.getPreco",,1,,0
Public Method,"model.bean.SalaoFesta.setDisponibilidade",,1,,0
Public Method,"model.bean.SalaoFesta.setHorario",,1,,0
Public Method,"model.bean.SalaoFesta.setId",,1,,0
Public Method,"model.bean.SalaoFesta.setPreco",,1,,0
Public Class,"model.bean.Servico",1,22,1,2
Private Method,"model.bean.Servico.bstmt",,2,,1
Public Method,"model.bean.Servico.getCategoria",,1,,0
Public Method,"model.bean.Servico.getHorario",,1,,0
Public Method,"model.bean.Servico.getId",,1,,0
Public Method,"model.bean.Servico.getNome",,1,,0
Public Method,"model.bean.Servico.getPreco",,1,,0
Public Method,"model.bean.Servico.getPromocao",,1,,0
Public Method,"model.bean.Servico.promocao",,3,,2
Public Method,"model.bean.Servico.salvar",,3,,2
Public Method,"model.bean.Servico.setCategoria",,1,,0
Public Method,"model.bean.Servico.setHorario",,1,,0
Public Method,"model.bean.Servico.setId",,1,,0
Public Method,"model.bean.Servico.setNome",,1,,0
Public Method,"model.bean.Servico.setPreco",,1,,0
Public Method,"model.bean.Servico.setPromocao",,1,,0
Private Method,"model.bean.Servico.stmt",,2,,1
Package,"model.dao",1,63,1,2
Public Class,"model.dao.GerenteDAO",1,1,1,0
Public Method,"model.dao.GerenteDAO.salvar",,1,,0
Public Class,"model.dao.HospedeDAO",1,19,1,2
Private Method,"model.dao.HospedeDAO.dsh",,1,,0
Public Method,"model.dao.HospedeDAO.editar",,1,,0
Public Method,"model.dao.HospedeDAO.editar_reserva",,1,,0
Public Method,"model.dao.HospedeDAO.fecharEstadia",,1,,0
Public Method,"model.dao.HospedeDAO.gastosServicos",,1,,0
Private Method,"model.dao.HospedeDAO.h",,1,,0
Public Method,"model.dao.HospedeDAO.listar",,3,,2
Public Method,"model.dao.HospedeDAO.listarHospDisponiveis",,3,,2
Public Method,"model.dao.HospedeDAO.listarReservas",,3,,2
Private Method,"model.dao.HospedeDAO.mh",,1,,0
Public Method,"model.dao.HospedeDAO.modificar_senha",,1,,0
Public Method,"model.dao.HospedeDAO.reservarQuarto",,1,,0
Public Method,"model.dao.HospedeDAO.salvar",,1,,0
Public Class,"model.dao.QuartoDAO",1,25,1,2
Public Method,"model.dao.QuartoDAO.AtualizandoQuarto",,1,,0
Private Method,"model.dao.QuartoDAO.bq",,1,,0
Public Method,"model.dao.QuartoDAO.listar",,3,,2
Public Method,"model.dao.QuartoDAO.listarDisp",,3,,2
Public Method,"model.dao.QuartoDAO.listarPromoÃ§Ãµes",,3,,2
Public Method,"model.dao.QuartoDAO.listarReservas",,3,,2
Public Method,"model.dao.QuartoDAO.listar_usados",,3,,2
Public Method,"model.dao.QuartoDAO.promocao",,1,,0
Private Method,"model.dao.QuartoDAO.q",,1,,0
Public Method,"model.dao.QuartoDAO.reservado",,1,,0
Private Method,"model.dao.QuartoDAO.rs",,2,,1
Public Method,"model.dao.QuartoDAO.salvar",,1,,0
Private Method,"model.dao.QuartoDAO.stmt",,2,,1
Public Class,"model.dao.RecepcionistaDAO",1,5,1,2
Public Method,"model.dao.RecepcionistaDAO.listar",,3,,2
Private Method,"model.dao.RecepcionistaDAO.r",,1,,0
Public Method,"model.dao.RecepcionistaDAO.salvar",,1,,0
Public Class,"model.dao.SaloesDAO",2,4,1,2
Public Method,"model.dao.SaloesDAO.alugar_salao",,1,,0
Public Method,"model.dao.SaloesDAO.listar",,3,,2
Public Class,"model.dao.ServicoDAO",1,9,1,2
Public Method,"model.dao.ServicoDAO.listar",,3,,2
Public Method,"model.dao.ServicoDAO.listarPromoÃ§Ãµes",,3,,2
Public Method,"model.dao.ServicoDAO.promocao",,1,,0
Private Method,"model.dao.ServicoDAO.s",,1,,0
Public Method,"model.dao.ServicoDAO.salvar",,1,,0
File,"tes.java",0,0,0,0
